Item_Id,Retailer_Id,Walmart_Url,Comp_Url,Match_Type,Match_Type_Comments,Notes,Super_Department,Department,Product_Type
"""116564186""","""B0BR74PXLX""",https://www.walmart.com/ip/116564186?selected=true,https://www.amazon.com/dp/B0BR74PXLX?psc=1&th=1&vs=1,Not Sure,Info not sufficient in competitor page,Model,Clothing,Kids Clothing,Baby Clothes
"""9193576""","""B07N8HZWQ9""",https://www.walmart.com/ip/9193576?selected=true,https://www.amazon.com/dp/B07N8HZWQ9?psc=1&th=1&vs=1,Incorrect Match,((bra stripes Model)_is different in Both)_is different in Both,Model,Clothing,Womens Clothing,"Womens Bras, Panties & Lingerie"
"""9193576""","""B09HCMDLYX""",https://www.walmart.com/ip/9193576?selected=true,https://www.amazon.com/dp/B09HCMDLYX?psc=1&th=1&vs=1,Incorrect Match,In WM_(designed bra) & in Comp_(plain bra),Design and Color,Clothing,Womens Clothing,"Womens Bras, Panties & Lingerie"
"""9193577""","""B0F6CVW314""",https://www.walmart.com/ip/9193577?selected=true,https://www.amazon.com/dp/B0F6CVW314?psc=1&th=1&vs=1,Incorrect Match,In WM_(lace model) & in Comp_(lace strap model),Model,Clothing,Womens Clothing,"Womens Bras, Panties & Lingerie"
"""9193577""","""B09HCLZMHR""",https://www.walmart.com/ip/9193577?selected=true,https://www.amazon.com/dp/B09HCLZMHR?psc=1&th=1&vs=1,Incorrect Match,Others_(In WM_(Light Lined Push-Up Bra) & in Comp_(Full Coverage Padded)),Model,Clothing,Womens Clothing,"Womens Bras, Panties & Lingerie"
"""9193620""","""B0F6CVFK57""",https://www.walmart.com/ip/9193620?selected=true,https://www.amazon.com/dp/B0F6CVFK57?psc=1&th=1&vs=1,Incorrect Match,In WM_(cnter bow) & in Comp_(plain),Model,Clothing,Womens Clothing,"Womens Bras, Panties & Lingerie"
"""56081383""","""B0913Z3R7H""",https://www.walmart.com/ip/56081383?selected=true,https://www.amazon.com/dp/B0913Z3R7H?psc=1&th=1&vs=1,Incorrect Match,Product attributes are same except Brand,Brand,Clothing,Womens Clothing,"Womens Bras, Panties & Lingerie"
"""116564186""","""B0BG66SN5J""",https://www.walmart.com/ip/116564186?selected=true,https://www.amazon.com/dp/B0BG66SN5J?psc=1&th=1&vs=1,Incorrect Match,Others_(In comp(color strips) & in wm(White plain)),Design,Clothing,Kids Clothing,Baby Clothes
"""126156759""","""B0DNJTL5XG""",https://www.walmart.com/ip/126156759?selected=true,https://www.amazon.com/dp/B0DNJTL5XG?psc=1&th=1&vs=1,Incorrect Match,In WM_(Graphic) & in Comp_(Tiger),Design,Clothing,Kids Clothing,Baby Clothes
"""126156759""","""B0F9NMJRZM""",https://www.walmart.com/ip/126156759?selected=true,https://www.amazon.com/dp/B0F9NMJRZM?psc=1&th=1&vs=1,Incorrect Match,(Bodysuit model is different in both)_is different in Both,Design and Color|Model,Clothing,Kids Clothing,Baby Clothes
"""21346098""","""B08J93C7VR""",https://www.walmart.com/ip/21346098?selected=true,https://www.amazon.com/dp/B08J93C7VR?psc=1&th=1&vs=1,Incorrect Match,Others_((Sweatpant pocket & Cargo Fleece Sweatpants model is diff)_is different in Both),Model,Clothing,Mens Clothing,Mens Workout Clothing
"""688856198""","""B0FDRZ2ZS9""",https://www.walmart.com/ip/688856198?selected=true,https://www.amazon.com/dp/B0FDRZ2ZS9?psc=1&th=1&vs=1,Incorrect Match,In WM_(Top Tights) & in Comp_(Opaque Footless Tights),Model,Clothing,Womens Clothing,"Womens Socks, Hosiery & Tights"
"""5925850188""","""B09R179TY5""",https://www.walmart.com/ip/5925850188?selected=true,https://www.amazon.com/dp/B09R179TY5?psc=1&th=1&vs=1,Incorrect Match,(side pocket)_is different in Both,Model,Clothing,Scrubs,Scrubs
"""5925850188""","""B09R16XJZ8""",https://www.walmart.com/ip/5925850188?selected=true,https://www.amazon.com/dp/B09R16XJZ8?psc=1&th=1&vs=1,Incorrect Match,Others_((side pocket & Classic Fit V-Neck Short )_is different in Both),Model,Clothing,Scrubs,Scrubs
"""5927769576""","""B00CAJOZ5U""",https://www.walmart.com/ip/5927769576?selected=true,https://www.amazon.com/dp/B00CAJOZ5U?psc=1&th=1&vs=1,Incorrect Match,(leg model)_is different in Both,Model,Clothing,Scrubs,Scrubs
"""5927819467""","""B09R17CV4V""",https://www.walmart.com/ip/5927819467?selected=true,https://www.amazon.com/dp/B09R17CV4V?psc=1&th=1&vs=1,Incorrect Match,In WM_(2 pocket) & in Comp_(1 pocket),Model,Clothing,Scrubs,Scrubs
"""5927819467""","""B09R17LD2V""",https://www.walmart.com/ip/5927819467?selected=true,https://www.amazon.com/dp/B09R17LD2V?psc=1&th=1&vs=1,Incorrect Match,In WM_(three pockets) & in Comp_(single pocket),Model,Clothing,Scrubs,Scrubs
"""5927819467""","""B09R16L3QZ""",https://www.walmart.com/ip/5927819467?selected=true,https://www.amazon.com/dp/B09R16L3QZ?psc=1&th=1&vs=1,Incorrect Match,In WM_(2 pocket) & in Comp_(front pocket),Model,Clothing,Scrubs,Scrubs
"""5927819467""","""B097RRWTGN""",https://www.walmart.com/ip/5927819467?selected=true,https://www.amazon.com/dp/B097RRWTGN?psc=1&th=1&vs=1,Incorrect Match,In WM_(V-Neck Shirt) & in Comp_(V-Neck Scrub Top with POCKET),Model,Clothing,Scrubs,Scrubs
"""5927819467""","""B09R18BZVC""",https://www.walmart.com/ip/5927819467?selected=true,https://www.amazon.com/dp/B09R18BZVC?psc=1&th=1&vs=1,Incorrect Match,Others_(In WM_(front pocket) & in Comp_(no front pocket)),Model,Clothing,Scrubs,Scrubs
"""5927819469""","""B09R17TNH7""",https://www.walmart.com/ip/5927819469?selected=true,https://www.amazon.com/dp/B09R17TNH7?psc=1&th=1&vs=1,Incorrect Match,((pocket shape)_is different in Both)_is different in Both,Model,Clothing,Scrubs,Scrubs
"""5930068691""","""B0BHTDY7CZ""",https://www.walmart.com/ip/5930068691?selected=true,https://www.amazon.com/dp/B0BHTDY7CZ?psc=1&th=1&vs=1,Incorrect Match,(Drawstring Jogger)_is different in Both,Model,Clothing,Scrubs,Scrubs
"""157352971""","""B07ZG7DVJG""",https://www.walmart.com/ip/157352971?selected=true,https://www.amazon.com/dp/B07ZG7DVJG?psc=1&th=1&vs=1,Incorrect Match,In WM_(Maternity) & in Comp_(Skinny Jeans),Model,Clothing,Fashion Brands,Sofia Vergara Collection
"""157352971""","""B07ZG74WPV""",https://www.walmart.com/ip/157352971?selected=true,https://www.amazon.com/dp/B07ZG74WPV?psc=1&th=1&vs=1,Incorrect Match,"(wm- Maternity Jeans, amz- Curvy Skinny Jeans)_is different in Both",Model,Clothing,Fashion Brands,Sofia Vergara Collection
"""157352971""","""B07ZG7HVX3""",https://www.walmart.com/ip/157352971?selected=true,https://www.amazon.com/dp/B07ZG7HVX3?psc=1&th=1&vs=1,Incorrect Match,In WM_(without pocket) & in Comp_(with pocket),Model,Clothing,Fashion Brands,Sofia Vergara Collection
"""157352971""","""B07ZG72T3R""",https://www.walmart.com/ip/157352971?selected=true,https://www.amazon.com/dp/B07ZG72T3R?psc=1&th=1&vs=1,Incorrect Match,"Others_((wm Maternity Jeans, amz Curvy Skinny Jeans)_is different in Both)",Model,Clothing,Fashion Brands,Sofia Vergara Collection
"""157352971""","""B07ZG7JRJ1""",https://www.walmart.com/ip/157352971?selected=true,https://www.amazon.com/dp/B07ZG7JRJ1?psc=1&th=1&vs=1,Incorrect Match,In WM_(Maternity Jeans) & in Comp_(Curvy Skinny Jeans),Model,Clothing,Fashion Brands,Sofia Vergara Collection
"""157352971""","""B07ZG79PTF""",https://www.walmart.com/ip/157352971?selected=true,https://www.amazon.com/dp/B07ZG79PTF?psc=1&th=1&vs=1,Incorrect Match,In WM_((Curvy Ankle Full Band Maternity Jeans)_is different in Both) & in Comp_(( Mid Rise Curvy Skinny Jeans)_is different in Both),Model,Clothing,Fashion Brands,Sofia Vergara Collection
"""179074810""","""B07ZG7M5Z1""",https://www.walmart.com/ip/179074810?selected=true,https://www.amazon.com/dp/B07ZG7M5Z1?psc=1&th=1&vs=1,Incorrect Match,In WM_(band Maternity jeans) & in Comp_(skinny jeans),Model,Clothing,Fashion Brands,Sofia Vergara Collection
"""179074810""","""B07ZG7HVX7""",https://www.walmart.com/ip/179074810?selected=true,https://www.amazon.com/dp/B07ZG7HVX7?psc=1&th=1&vs=1,Incorrect Match,(wm Maternity Jeans mddel and amazon Skinny Jeans model)_is different in Both,Model,Clothing,Fashion Brands,Sofia Vergara Collection
"""179074810""","""B07ZG7HVS6""",https://www.walmart.com/ip/179074810?selected=true,https://www.amazon.com/dp/B07ZG7HVS6?psc=1&th=1&vs=1,Incorrect Match,In WM_(Vergara pocket) & in Comp_(five-pocket),Model,Clothing,Fashion Brands,Sofia Vergara Collection
"""179074810""","""B07ZG71PL6""",https://www.walmart.com/ip/179074810?selected=true,https://www.amazon.com/dp/B07ZG71PL6?psc=1&th=1&vs=1,Incorrect Match,In WM_(without pocket) & in Comp_(back side with pocket),Model,Clothing,Fashion Brands,Sofia Vergara Collection
"""115687091""","""B0D95C8KSR""",https://www.walmart.com/ip/115687091?selected=true,https://www.amazon.com/dp/B0D95C8KSR?psc=1&th=1&vs=1,Incorrect Match,In WM_(Slim Denim Jean) & in Comp_(Stretch Denim Cargo Jean),Model,Clothing,Kids Clothing,Boys Clothing
"""115687091""","""B09TVGFFWC""",https://www.walmart.com/ip/115687091?selected=true,https://www.amazon.com/dp/B09TVGFFWC?psc=1&th=1&vs=1,Incorrect Match,"Others_((Boy Slim Denim Jean, & Pull-On Jean Joggers)_is different in Both)",Model,Clothing,Kids Clothing,Boys Clothing
"""115687091""","""B09TVFHM1F""",https://www.walmart.com/ip/115687091?selected=true,https://www.amazon.com/dp/B09TVFHM1F?psc=1&th=1&vs=1,Incorrect Match,In WM_(solid Jean) & in Comp_(elastic Jean),Style,Clothing,Kids Clothing,Boys Clothing
"""115687091""","""B09TVBQ4HB""",https://www.walmart.com/ip/115687091?selected=true,https://www.amazon.com/dp/B09TVBQ4HB?psc=1&th=1&vs=1,Incorrect Match,In WM_(Joggers Jean) & in Comp_(Slim Denim Jean),Model,Clothing,Kids Clothing,Boys Clothing
"""40120072""","""B000KBDFTW""",https://www.walmart.com/ip/40120072?selected=true,https://www.amazon.com/dp/B000KBDFTW?psc=1&th=1&vs=1,Incorrect Match,Others_(chain model different wm:Criss Cross Amz:Collar Necklace),Model,Jewelry,Womens Jewelry & Watches,Womens Jewelry
"""40120078""","""B0BV79YHHM""",https://www.walmart.com/ip/40120078?selected=true,https://www.amazon.com/dp/B0BV79YHHM?psc=1&th=1&vs=1,Not Sure,Info not sufficient in competitor page,Gram,Jewelry,Womens Jewelry & Watches,Womens Jewelry
"""40120078""","""B0BV7D4889""",https://www.walmart.com/ip/40120078?selected=true,https://www.amazon.com/dp/B0BV7D4889?psc=1&th=1&vs=1,Not Sure,Info not sufficient in competitor page,Metal Weight|Model,Jewelry,Womens Jewelry & Watches,Womens Jewelry
"""40120078""","""B0BTTX1JJF""",https://www.walmart.com/ip/40120078?selected=true,https://www.amazon.com/dp/B0BTTX1JJF?psc=1&th=1&vs=1,Not Sure,Info not sufficient in competitor page,Model,Jewelry,Womens Jewelry & Watches,Womens Jewelry
"""40120078""","""B0BXCPKXXD""",https://www.walmart.com/ip/40120078?selected=true,https://www.amazon.com/dp/B0BXCPKXXD?psc=1&th=1&vs=1,Not Sure,Info not sufficient in competitor page,Model,Jewelry,Womens Jewelry & Watches,Womens Jewelry
"""40120079""","""B004VF62TI""",https://www.walmart.com/ip/40120079?selected=true,https://www.amazon.com/dp/B004VF62TI?psc=1&th=1&vs=1,Incorrect Match,(Chain Station Necklace)_is different in Both,Model,Jewelry,Womens Jewelry & Watches,Womens Jewelry
"""40120079""","""B005DJBT2Q""",https://www.walmart.com/ip/40120079?selected=true,https://www.amazon.com/dp/B005DJBT2Q?psc=1&th=1&vs=1,Incorrect Match,In WM_(20inches) & in Comp_(16inches),Design and Size,Jewelry,Womens Jewelry & Watches,Womens Jewelry
"""40120079""","""B005DJBVVU""",https://www.walmart.com/ip/40120079?selected=true,https://www.amazon.com/dp/B005DJBVVU?psc=1&th=1&vs=1,Incorrect Match,"In WM_(Length:20"") & in Comp_(Length:36"")",Others_(Chain Size),Jewelry,Womens Jewelry & Watches,Womens Jewelry
"""40120079""","""B005DJBXRM""",https://www.walmart.com/ip/40120079?selected=true,https://www.amazon.com/dp/B005DJBXRM?psc=1&th=1&vs=1,Incorrect Match,"Others_((035 Singapore Necklace & 1.4 mm Singapore-Chain Necklace,)_is different in Both)",Model,Jewelry,Womens Jewelry & Watches,Womens Jewelry
"""40120079""","""B005DJBXFO""",https://www.walmart.com/ip/40120079?selected=true,https://www.amazon.com/dp/B005DJBXFO?psc=1&th=1&vs=1,Incorrect Match,In WM_(20in) & in Comp_(18in),Design and Size,Jewelry,Womens Jewelry & Watches,Womens Jewelry
"""40120079""","""B005DJBRSC""",https://www.walmart.com/ip/40120079?selected=true,https://www.amazon.com/dp/B005DJBRSC?psc=1&th=1&vs=1,Incorrect Match,In WM_(Length:20) & in Comp_(Length:24),Others_(Chain Size),Jewelry,Womens Jewelry & Watches,Womens Jewelry
"""40120081""","""B0BV79YHHM""",https://www.walmart.com/ip/40120081?selected=true,https://www.amazon.com/dp/B0BV79YHHM?psc=1&th=1&vs=1,Not Sure,Info not sufficient in competitor page,Model,Jewelry,Womens Jewelry & Watches,Womens Jewelry
"""40120081""","""B0BV7D4889""",https://www.walmart.com/ip/40120081?selected=true,https://www.amazon.com/dp/B0BV7D4889?psc=1&th=1&vs=1,Not Sure,Info not sufficient in competitor page,Model,Jewelry,Womens Jewelry & Watches,Womens Jewelry
"""40120081""","""B0BTTX1JJF""",https://www.walmart.com/ip/40120081?selected=true,https://www.amazon.com/dp/B0BTTX1JJF?psc=1&th=1&vs=1,Not Sure,Info not sufficient in competitor page,Model,Jewelry,Womens Jewelry & Watches,Womens Jewelry
"""40120081""","""B0BXCPKXXD""",https://www.walmart.com/ip/40120081?selected=true,https://www.amazon.com/dp/B0BXCPKXXD?psc=1&th=1&vs=1,Not Sure,Info not sufficient in competitor page,Others_(Metal Weight),Jewelry,Womens Jewelry & Watches,Womens Jewelry
"""40120082""","""B004VF62TI""",https://www.walmart.com/ip/40120082?selected=true,https://www.amazon.com/dp/B004VF62TI?psc=1&th=1&vs=1,Incorrect Match,Others_(Necklace design),Design,Jewelry,Womens Jewelry & Watches,Womens Jewelry
"""40120082""","""B005DJBT2Q""",https://www.walmart.com/ip/40120082?selected=true,https://www.amazon.com/dp/B005DJBT2Q?psc=1&th=1&vs=1,Incorrect Match,Others_(035 Singapore Necklace & 1.4 mm Singapore-Chain Necklace),Model,Jewelry,Womens Jewelry & Watches,Womens Jewelry
"""40120082""","""B005DJBVVU""",https://www.walmart.com/ip/40120082?selected=true,https://www.amazon.com/dp/B005DJBVVU?psc=1&th=1&vs=1,Incorrect Match,In WM_(035 Singapore Necklace) & in Comp_(Italian 1.4 mm),Model,Jewelry,Womens Jewelry & Watches,Womens Jewelry
"""40120082""","""B005DJBXRM""",https://www.walmart.com/ip/40120082?selected=true,https://www.amazon.com/dp/B005DJBXRM?psc=1&th=1&vs=1,Incorrect Match,In WM_(spring ring model) & in Comp_(Chain Necklace),Model,Jewelry,Womens Jewelry & Watches,Womens Jewelry
"""40120082""","""B005DJBXFO""",https://www.walmart.com/ip/40120082?selected=true,https://www.amazon.com/dp/B005DJBXFO?psc=1&th=1&vs=1,Not Sure,Info not sufficient in Walmart page,Others_(size),Jewelry,Womens Jewelry & Watches,Womens Jewelry
"""40120082""","""B005DJBRSC""",https://www.walmart.com/ip/40120082?selected=true,https://www.amazon.com/dp/B005DJBRSC?psc=1&th=1&vs=1,Incorrect Match,Others_(Others_(Necklace design stripes model is different)),Model,Jewelry,Womens Jewelry & Watches,Womens Jewelry
"""56081383""","""B08GYX8NGD""",https://www.walmart.com/ip/56081383?selected=true,https://www.amazon.com/dp/B08GYX8NGD?psc=1&th=1&vs=1,Incorrect Match,(Lace waist model)_is different in Both,Model,Clothing,Womens Clothing,"Womens Bras, Panties & Lingerie"
"""56081383""","""B08GYX8H9X""",https://www.walmart.com/ip/56081383?selected=true,https://www.amazon.com/dp/B08GYX8H9X?psc=1&th=1&vs=1,Incorrect Match,In WM_(Signature Lace Thong) & in Comp_(Lace Thong Underwear),Design,Clothing,Womens Clothing,"Womens Bras, Panties & Lingerie"
"""56081383""","""B07CC1GHPS""",https://www.walmart.com/ip/56081383?selected=true,https://www.amazon.com/dp/B07CC1GHPS?psc=1&th=1&vs=1,Incorrect Match,(Lace Thong Underwear model)_is different in Both,Model,Clothing,Womens Clothing,"Womens Bras, Panties & Lingerie"
"""56081383""","""B07C329BH7""",https://www.walmart.com/ip/56081383?selected=true,https://www.amazon.com/dp/B07C329BH7?psc=1&th=1&vs=1,Incorrect Match,(Lace Thong)_is different in Both,Model,Clothing,Womens Clothing,"Womens Bras, Panties & Lingerie"
"""56081383""","""B07C3298K7""",https://www.walmart.com/ip/56081383?selected=true,https://www.amazon.com/dp/B07C3298K7?psc=1&th=1&vs=1,Incorrect Match,"Others_((Signature Lace Thong, & Lace Thong Underwear)_is different in Both)",Model,Clothing,Womens Clothing,"Womens Bras, Panties & Lingerie"
"""56081383""","""B07C2ZMLRT""",https://www.walmart.com/ip/56081383?selected=true,https://www.amazon.com/dp/B07C2ZMLRT?psc=1&th=1&vs=1,Incorrect Match,(Lace border)_is different in Both,Model,Clothing,Womens Clothing,"Womens Bras, Panties & Lingerie"
"""56081383""","""B07SRVGHWD""",https://www.walmart.com/ip/56081383?selected=true,https://www.amazon.com/dp/B07SRVGHWD?psc=1&th=1&vs=1,Incorrect Match,(Thong model is different in both)_is different in Both,Design and Color|Model,Clothing,Womens Clothing,"Womens Bras, Panties & Lingerie"
"""56081383""","""B0736SV4ML""",https://www.walmart.com/ip/56081383?selected=true,https://www.amazon.com/dp/B0736SV4ML?psc=1&th=1&vs=1,Incorrect Match,"Others_((Signature Lace Thong & Cotton and Lace Thong,)_is different in Both)",Model,Clothing,Womens Clothing,"Womens Bras, Panties & Lingerie"
"""56081383""","""B0777ZGXRY""",https://www.walmart.com/ip/56081383?selected=true,https://www.amazon.com/dp/B0777ZGXRY?psc=1&th=1&vs=1,Incorrect Match,(Lace border)_is different in Both,Model,Clothing,Womens Clothing,"Womens Bras, Panties & Lingerie"
"""56081384""","""B0913Z3R7H""",https://www.walmart.com/ip/56081384?selected=true,https://www.amazon.com/dp/B0913Z3R7H?psc=1&th=1&vs=1,Incorrect Match,Product attributes are same except Brand,Brand,Clothing,Womens Clothing,"Womens Bras, Panties & Lingerie"
"""56081384""","""B08GYX8NGD""",https://www.walmart.com/ip/56081384?selected=true,https://www.amazon.com/dp/B08GYX8NGD?psc=1&th=1&vs=1,Incorrect Match,Others_(( Signature Lace Thong & Lace Thong Underwear )_is different in Both),Model,Clothing,Womens Clothing,"Womens Bras, Panties & Lingerie"
"""56081384""","""B08GYX8H9X""",https://www.walmart.com/ip/56081384?selected=true,https://www.amazon.com/dp/B08GYX8H9X?psc=1&th=1&vs=1,Incorrect Match,(Lace Thong Elastic)_is different in Both,Design and Color|Model,Clothing,Womens Clothing,"Womens Bras, Panties & Lingerie"
"""56081384""","""B07CC1GHPS""",https://www.walmart.com/ip/56081384?selected=true,https://www.amazon.com/dp/B07CC1GHPS?psc=1&th=1&vs=1,Incorrect Match,(waist)_is different in Both,Model,Clothing,Womens Clothing,"Womens Bras, Panties & Lingerie"
"""56081384""","""B07C329BH7""",https://www.walmart.com/ip/56081384?selected=true,https://www.amazon.com/dp/B07C329BH7?psc=1&th=1&vs=1,Incorrect Match,"Others_((Signature Lace Thong, & Lace Thong Underwear_is different in Both)",Model,Clothing,Womens Clothing,"Womens Bras, Panties & Lingerie"
"""56081384""","""B07C3298K7""",https://www.walmart.com/ip/56081384?selected=true,https://www.amazon.com/dp/B07C3298K7?psc=1&th=1&vs=1,Incorrect Match,(Hip strap Model differ)_is different in Both,Model,Clothing,Womens Clothing,"Womens Bras, Panties & Lingerie"
"""56081384""","""B07C2ZMLRT""",https://www.walmart.com/ip/56081384?selected=true,https://www.amazon.com/dp/B07C2ZMLRT?psc=1&th=1&vs=1,Incorrect Match,Others_(Lace Thong modle),Model,Clothing,Womens Clothing,"Womens Bras, Panties & Lingerie"
"""56081384""","""B0777ZGXRY""",https://www.walmart.com/ip/56081384?selected=true,https://www.amazon.com/dp/B0777ZGXRY?psc=1&th=1&vs=1,Incorrect Match,In WM_(curved elastic design is different) & in Comp_(staright elastic model),Model,Clothing,Womens Clothing,"Womens Bras, Panties & Lingerie"
"""56081384""","""B0777W8XPP""",https://www.walmart.com/ip/56081384?selected=true,https://www.amazon.com/dp/B0777W8XPP?psc=1&th=1&vs=1,Incorrect Match,In WM_(elastic model) & in Comp_(Lace model),Model,Clothing,Womens Clothing,"Womens Bras, Panties & Lingerie"
"""56081384""","""B07SRVGHWD""",https://www.walmart.com/ip/56081384?selected=true,https://www.amazon.com/dp/B07SRVGHWD?psc=1&th=1&vs=1,Incorrect Match,(Lace model)_is different in Both,Model,Clothing,Womens Clothing,"Womens Bras, Panties & Lingerie"
"""101898014""","""B08TLXV7JC""",https://www.walmart.com/ip/101898014?selected=true,https://www.amazon.com/dp/B08TLXV7JC?psc=1&th=1&vs=1,Incorrect Match,In WM_(Little Lovely Leo design) & in Comp_(Plain),Design and Color,Clothing,Womens Clothing,"Womens Bras, Panties & Lingerie"
"""101898014""","""B08TMLFQY6""",https://www.walmart.com/ip/101898014?selected=true,https://www.amazon.com/dp/B08TMLFQY6?psc=1&th=1&vs=1,Incorrect Match,Others_(WM has printed design and Amz has plain design),Design,Clothing,Womens Clothing,"Womens Bras, Panties & Lingerie"
"""101898014""","""B08TM92G1S""",https://www.walmart.com/ip/101898014?selected=true,https://www.amazon.com/dp/B08TM92G1S?psc=1&th=1&vs=1,Incorrect Match,In WM_((Printed design)_is different in Both) & in Comp_((Plain design)_is different in Both),Design,Clothing,Womens Clothing,"Womens Bras, Panties & Lingerie"
"""101898014""","""B08TM8YV17""",https://www.walmart.com/ip/101898014?selected=true,https://www.amazon.com/dp/B08TM8YV17?psc=1&th=1&vs=1,Incorrect Match,In WM_(printed) & in Comp_(plain),Design,Clothing,Womens Clothing,"Womens Bras, Panties & Lingerie"
"""101898014""","""B08TM3Y6GR""",https://www.walmart.com/ip/101898014?selected=true,https://www.amazon.com/dp/B08TM3Y6GR?psc=1&th=1&vs=1,Incorrect Match,In WM_(Boyshort Panties with design) & in Comp_(Boyshort Panties without design),Model,Clothing,Womens Clothing,"Womens Bras, Panties & Lingerie"
"""101898014""","""B08TM268FL""",https://www.walmart.com/ip/101898014?selected=true,https://www.amazon.com/dp/B08TM268FL?psc=1&th=1&vs=1,Incorrect Match,(design and plain)_is different in Both,Design and Color,Clothing,Womens Clothing,"Womens Bras, Panties & Lingerie"
"""101898014""","""B08TLP2PZ9""",https://www.walmart.com/ip/101898014?selected=true,https://www.amazon.com/dp/B08TLP2PZ9?psc=1&th=1&vs=1,Incorrect Match,Others_(In WM_(Stretch) & in Comp_(Hipster or Boyshort)),Model,Clothing,Womens Clothing,"Womens Bras, Panties & Lingerie"
"""101898014""","""B08TLM4D86""",https://www.walmart.com/ip/101898014?selected=true,https://www.amazon.com/dp/B08TLM4D86?psc=1&th=1&vs=1,Incorrect Match,(Comfort Stretch Panties / Way Stretch Panty)_is different in Both,Model,Clothing,Womens Clothing,"Womens Bras, Panties & Lingerie"
"""102511470""","""B099XCH28P""",https://www.walmart.com/ip/102511470?selected=true,https://www.amazon.com/dp/B099XCH28P?psc=1&th=1&vs=1,Incorrect Match,In WM_(Seamless Brief Panties) & in Comp_(v-cut bikini bottom),Model,Clothing,Womens Clothing,"Womens Bras, Panties & Lingerie"
"""102511470""","""B09B4NVPGH""",https://www.walmart.com/ip/102511470?selected=true,https://www.amazon.com/dp/B09B4NVPGH?psc=1&th=1&vs=1,Incorrect Match,Others_((Seamless Hipster Panties & Hipster Underwear)_is different in Both),Model,Clothing,Womens Clothing,"Womens Bras, Panties & Lingerie"
"""102511470""","""B099XDY964""",https://www.walmart.com/ip/102511470?selected=true,https://www.amazon.com/dp/B099XDY964?psc=1&th=1&vs=1,Incorrect Match,Others_(In WM(elastic model) & in Comp_(Lace model)),Model,Clothing,Womens Clothing,"Womens Bras, Panties & Lingerie"
"""102511470""","""B099XF67QB""",https://www.walmart.com/ip/102511470?selected=true,https://www.amazon.com/dp/B099XF67QB?psc=1&th=1&vs=1,Incorrect Match,(Seamless Hipster)_is different in Both,Design,Clothing,Womens Clothing,"Womens Bras, Panties & Lingerie"
"""102511470""","""B099XFR2R5""",https://www.walmart.com/ip/102511470?selected=true,https://www.amazon.com/dp/B099XFR2R5?psc=1&th=1&vs=1,Incorrect Match,In WM_(Hipster model Panties) & in Comp_(Thong model Panties),Model,Clothing,Womens Clothing,"Womens Bras, Panties & Lingerie"
"""102511470""","""B099XCXBBV""",https://www.walmart.com/ip/102511470?selected=true,https://www.amazon.com/dp/B099XCXBBV?psc=1&th=1&vs=1,Incorrect Match,In WM_(wm: Hipster Panties) & in Comp_(Amz: Thong),Shape,Clothing,Womens Clothing,"Womens Bras, Panties & Lingerie"
"""102511470""","""B099XCBXNF""",https://www.walmart.com/ip/102511470?selected=true,https://www.amazon.com/dp/B099XCBXNF?psc=1&th=1&vs=1,Incorrect Match,Others_(WA - designed Panties AMZ- plain Panties),Design and Color,Clothing,Womens Clothing,"Womens Bras, Panties & Lingerie"
"""102511470""","""B099XDCQH7""",https://www.walmart.com/ip/102511470?selected=true,https://www.amazon.com/dp/B099XDCQH7?psc=1&th=1&vs=1,Incorrect Match,Others_(Others_(Seamless Hipster Panties & Hipster & Thongl is different)),Model,Clothing,Womens Clothing,"Womens Bras, Panties & Lingerie"
"""102511470""","""B099X9W53X""",https://www.walmart.com/ip/102511470?selected=true,https://www.amazon.com/dp/B099X9W53X?psc=1&th=1&vs=1,Incorrect Match,Others_(WM has printed design and Amz has plain design),Design,Clothing,Womens Clothing,"Womens Bras, Panties & Lingerie"
"""102511470""","""B099XCP38Z""",https://www.walmart.com/ip/102511470?selected=true,https://www.amazon.com/dp/B099XCP38Z?psc=1&th=1&vs=1,Incorrect Match,In WM_((Printed design Model)_is different in Both) & in Comp_((Plain Model)_is different in Both),Model,Clothing,Womens Clothing,"Womens Bras, Panties & Lingerie"
"""103936635""","""B09B4Q7D64""",https://www.walmart.com/ip/103936635?selected=true,https://www.amazon.com/dp/B09B4Q7D64?psc=1&th=1&vs=1,Incorrect Match,Others_(In WM_(lines design) & in Comp_(plain)),Model,Clothing,Womens Clothing,"Womens Bras, Panties & Lingerie"
"""103936635""","""B099XDGMV4""",https://www.walmart.com/ip/103936635?selected=true,https://www.amazon.com/dp/B099XDGMV4?psc=1&th=1&vs=1,Incorrect Match,Others_(WM has printed design and Amz has plain design),Design,Clothing,Womens Clothing,"Womens Bras, Panties & Lingerie"
"""9193620""","""B0F6CTSGBR""",https://www.walmart.com/ip/9193620?selected=true,https://www.amazon.com/dp/B0F6CTSGBR?psc=1&th=1&vs=1,Incorrect Match,(Front Model)_is different in Both,Model,Clothing,Womens Clothing,"Womens Bras, Panties & Lingerie"
"""21346098""","""B08J93C9LP""",https://www.walmart.com/ip/21346098?selected=true,https://www.amazon.com/dp/B08J93C9LP?psc=1&th=1&vs=1,Incorrect Match,In WM_(Cargo Pocket) & in Comp_(Jogger),Model,Clothing,Mens Clothing,Mens Workout Clothing
"""21346098""","""B07S4KNCWN""",https://www.walmart.com/ip/21346098?selected=true,https://www.amazon.com/dp/B07S4KNCWN?psc=1&th=1&vs=1,Incorrect Match,(Sweatpants Model)_is different in Both,Model,Clothing,Mens Clothing,Mens Workout Clothing
"""21346101""","""B08J94ZG47""",https://www.walmart.com/ip/21346101?selected=true,https://www.amazon.com/dp/B08J94ZG47?psc=1&th=1&vs=1,Incorrect Match,In WM_(Without Knot) & in Comp_(With Knot),Model,Clothing,Mens Clothing,Mens Workout Clothing
"""21346101""","""B08J8YN7GT""",https://www.walmart.com/ip/21346101?selected=true,https://www.amazon.com/dp/B08J8YN7GT?psc=1&th=1&vs=1,Incorrect Match,In WM_(Cargo pant) & in Comp_(Cargo pant with Jogger),Model,Clothing,Mens Clothing,Mens Workout Clothing
"""21346101""","""B0728J9B9H""",https://www.walmart.com/ip/21346101?selected=true,https://www.amazon.com/dp/B0728J9B9H?psc=1&th=1&vs=1,Incorrect Match,In WM_(with pocket) & in Comp_(wothoupocket),Model,Clothing,Mens Clothing,Mens Workout Clothing
"""21346101""","""B075JVBZV3""",https://www.walmart.com/ip/21346101?selected=true,https://www.amazon.com/dp/B075JVBZV3?psc=1&th=1&vs=1,Incorrect Match,Others_(In WM(Without Knot) & in Comp_(With Knot)),Model,Clothing,Mens Clothing,Mens Workout Clothing
"""21346101""","""B07F1FBV9Y""",https://www.walmart.com/ip/21346101?selected=true,https://www.amazon.com/dp/B07F1FBV9Y?psc=1&th=1&vs=1,Incorrect Match,"Others_((Cargo Pocket Sweatpants, & Joggers Sweatpants )_is different in Both)",Model,Clothing,Mens Clothing,Mens Workout Clothing
"""21346117""","""B08J96QCR2""",https://www.walmart.com/ip/21346117?selected=true,https://www.amazon.com/dp/B08J96QCR2?psc=1&th=1&vs=1,Incorrect Match,In WM_(cuff bottom) & in Comp_(Open Bottom),Model,Clothing,Mens Clothing,Mens Workout Clothing
"""21346117""","""B08J93C7TJ""",https://www.walmart.com/ip/21346117?selected=true,https://www.amazon.com/dp/B08J93C7TJ?psc=1&th=1&vs=1,Incorrect Match,Others_(In WM(Without Knot) & in Comp_(With Knot)),Model,Clothing,Mens Clothing,Mens Workout Clothing
"""21346117""","""B07P6FXRXB""",https://www.walmart.com/ip/21346117?selected=true,https://www.amazon.com/dp/B07P6FXRXB?psc=1&th=1&vs=1,Incorrect Match,Others_((Fleece Cargo Pocket & Fleece Sweatpants)_is different in Both),Model,Clothing,Mens Clothing,Mens Workout Clothing
"""21346117""","""B072LW9DFH""",https://www.walmart.com/ip/21346117?selected=true,https://www.amazon.com/dp/B072LW9DFH?psc=1&th=1&vs=1,Incorrect Match,In WM_(Pocket) & in Comp_(Side Pocket not given),Model,Clothing,Mens Clothing,Mens Workout Clothing
"""21346117""","""B075JV9DQY""",https://www.walmart.com/ip/21346117?selected=true,https://www.amazon.com/dp/B075JV9DQY?psc=1&th=1&vs=1,Incorrect Match,In WM_(In Walmart With Pocket) & in Comp_(In competitor Without Pocket),Model,Clothing,Mens Clothing,Mens Workout Clothing
"""381102520""","""B07T7KV1BW""",https://www.walmart.com/ip/381102520?selected=true,https://www.amazon.com/dp/B07T7KV1BW?psc=1&th=1&vs=1,Incorrect Match,In WM_(Full Cushion) & in Comp_(Peak Velocity),Model,Clothing,Mens Clothing,Mens Socks
"""381102520""","""B0B5SD4KMS""",https://www.walmart.com/ip/381102520?selected=true,https://www.amazon.com/dp/B0B5SD4KMS?psc=1&th=1&vs=1,Incorrect Match,((Stripes design)_is different in Both)_is different in Both,Design,Clothing,Mens Clothing,Mens Socks
"""381102520""","""B0B5SCK3NY""",https://www.walmart.com/ip/381102520?selected=true,https://www.amazon.com/dp/B0B5SCK3NY?psc=1&th=1&vs=1,Incorrect Match,In WM_(plain design) & in Comp_(strap model),Design|Model,Clothing,Mens Clothing,Mens Socks
"""381102520""","""B0B5SD973B""",https://www.walmart.com/ip/381102520?selected=true,https://www.amazon.com/dp/B0B5SD973B?psc=1&th=1&vs=1,Incorrect Match,Others_(In WM_( Full Cushion Low Cut) & in Comp_(Comfortable Cushion Athletic)),Model,Clothing,Mens Clothing,Mens Socks
"""381102520""","""B0B5SKVFLX""",https://www.walmart.com/ip/381102520?selected=true,https://www.amazon.com/dp/B0B5SKVFLX?psc=1&th=1&vs=1,Incorrect Match,In WM_(Others_(Socks design Plain)) & in Comp_(Others_(Socks design Stripes different)),Design,Clothing,Mens Clothing,Mens Socks
"""11980055""","""B014F9FP88""",https://www.walmart.com/ip/11980055?selected=true,https://www.amazon.com/dp/B014F9FP88?psc=1&th=1&vs=1,Incorrect Match,In WM_(Shimmering) & in Comp_(Round Diamond),Model,Jewelry,Womens Jewelry & Watches,Womens Jewelry
"""11980055""","""B002OHE0QW""",https://www.walmart.com/ip/11980055?selected=true,https://www.amazon.com/dp/B002OHE0QW?psc=1&th=1&vs=1,Incorrect Match,Others_(Yellow Gold amd White Gold),Material,Jewelry,Womens Jewelry & Watches,Womens Jewelry
"""162962628""","""B0C7LYCQSK""",https://www.walmart.com/ip/162962628?selected=true,https://www.amazon.com/dp/B0C7LYCQSK?psc=1&th=1&vs=1,Not Sure,Info not sufficient in competitor page,Model,Clothing,Kids Clothing,Baby Clothes
"""247916816""","""B0DGLMQM6Z""",https://www.walmart.com/ip/247916816?selected=true,https://www.amazon.com/dp/B0DGLMQM6Z?psc=1&th=1&vs=1,Incorrect Match,In WM_(French Terry Hoodie) & in Comp_(French Terry Sweatshirt and Sweatpants),Model|Sets,Clothing,Kids Clothing,Baby Clothes
"""247916816""","""B0DGLL799L""",https://www.walmart.com/ip/247916816?selected=true,https://www.amazon.com/dp/B0DGLL799L?psc=1&th=1&vs=1,Incorrect Match,In WM_(French Terry Hoodie) & in Comp_(Sweatshirt and Sweatpants),Model,Clothing,Kids Clothing,Baby Clothes
"""247916816""","""B0DGLQ5D2C""",https://www.walmart.com/ip/247916816?selected=true,https://www.amazon.com/dp/B0DGLQ5D2C?psc=1&th=1&vs=1,Incorrect Match,(model)_is different in Both,Model|Sets,Clothing,Kids Clothing,Baby Clothes
"""247916816""","""B0DGLNKNQ1""",https://www.walmart.com/ip/247916816?selected=true,https://www.amazon.com/dp/B0DGLNKNQ1?psc=1&th=1&vs=1,Incorrect Match,In WM_(Terry Hoodie) & in Comp_(French Terry Sweatshirt and Sweatpants),Sets,Clothing,Kids Clothing,Baby Clothes
"""247916816""","""B0DGLPSHJ7""",https://www.walmart.com/ip/247916816?selected=true,https://www.amazon.com/dp/B0DGLPSHJ7?psc=1&th=1&vs=1,Incorrect Match,Others_(In WM_(Hoodie) & in Comp_(Sweatshirt and Sweatpants Set )),Model,Clothing,Kids Clothing,Baby Clothes
"""247916816""","""B0DGLNGN5Q""",https://www.walmart.com/ip/247916816?selected=true,https://www.amazon.com/dp/B0DGLNGN5Q?psc=1&th=1&vs=1,Incorrect Match,(wm Hoodie and com Sweatshirt and Sweatpants Set)_is different in Both,Model|Sets,Clothing,Kids Clothing,Baby Clothes
"""269552110""","""B0DGLQ5D2C""",https://www.walmart.com/ip/269552110?selected=true,https://www.amazon.com/dp/B0DGLQ5D2C?psc=1&th=1&vs=1,Incorrect Match,In WM_(Terry Hoodie) & in Comp_(Terry Sweatshirt and Sweatpants),Sets,Clothing,Kids Clothing,Baby Clothes
"""269552110""","""B0DGLL799L""",https://www.walmart.com/ip/269552110?selected=true,https://www.amazon.com/dp/B0DGLL799L?psc=1&th=1&vs=1,Incorrect Match,In WM_(Hoodie tee) & in Comp_(Sweatshirt and Sweatpants),Sets,Clothing,Kids Clothing,Baby Clothes
"""269552110""","""B0DGLNKNQ1""",https://www.walmart.com/ip/269552110?selected=true,https://www.amazon.com/dp/B0DGLNKNQ1?psc=1&th=1&vs=1,Incorrect Match,In WM_(2 jackets) & in Comp_(sweatshirt & pant),Sets,Clothing,Kids Clothing,Baby Clothes
"""269552110""","""B0DGLNGN5Q""",https://www.walmart.com/ip/269552110?selected=true,https://www.amazon.com/dp/B0DGLNGN5Q?psc=1&th=1&vs=1,Incorrect Match,Others_((Terry Hoodie & Sweatshirt and Sweatpants Set)_is different in Both),Sets,Clothing,Kids Clothing,Baby Clothes
"""288306915""","""B09Q3VV4CT""",https://www.walmart.com/ip/288306915?selected=true,https://www.amazon.com/dp/B09Q3VV4CT?psc=1&th=1&vs=1,Incorrect Match,In WM_(neck different) & in Comp_(stritch),Model,Clothing,Kids Clothing,Baby Clothes
"""288306915""","""B0DNJSV64L""",https://www.walmart.com/ip/288306915?selected=true,https://www.amazon.com/dp/B0DNJSV64L?psc=1&th=1&vs=1,Incorrect Match,In WM_(Graphic Bodysuit) & in Comp_(Tiger Graphic Bodysuit),Design and Color,Clothing,Kids Clothing,Baby Clothes
"""217514013""","""B07ZG7HVL4""",https://www.walmart.com/ip/217514013?selected=true,https://www.amazon.com/dp/B07ZG7HVL4?psc=1&th=1&vs=1,Incorrect Match,In WM_(Maternity Jeans) & in Comp_(Skinny Jeans),Model,Clothing,Fashion Brands,Sofia Vergara Collection
"""217514013""","""B07ZG754GQ""",https://www.walmart.com/ip/217514013?selected=true,https://www.amazon.com/dp/B07ZG754GQ?psc=1&th=1&vs=1,Incorrect Match,In WM_(Maternity Jeans) & in Comp_(Curvy Skinny Jeans),Model,Clothing,Fashion Brands,Sofia Vergara Collection
"""217514013""","""B07ZG74675""",https://www.walmart.com/ip/217514013?selected=true,https://www.amazon.com/dp/B07ZG74675?psc=1&th=1&vs=1,Incorrect Match,In WM_(Ankle Full Band Maternity Jeans) & in Comp_(Mid Rise Curvy Skinny Jeans),Model,Clothing,Fashion Brands,Sofia Vergara Collection
"""217514013""","""B07ZG7LKSX""",https://www.walmart.com/ip/217514013?selected=true,https://www.amazon.com/dp/B07ZG7LKSX?psc=1&th=1&vs=1,Incorrect Match,In WM_(Band Maternity Jeans) & in Comp_(skinny normal jeans),Model,Clothing,Fashion Brands,Sofia Vergara Collection
"""409272156""","""B07ZG8CRWP""",https://www.walmart.com/ip/409272156?selected=true,https://www.amazon.com/dp/B07ZG8CRWP?psc=1&th=1&vs=1,Incorrect Match,In WM_(Maternity Jeans) & in Comp_(Skinny Jeans),Model,Clothing,Fashion Brands,Sofia Vergara Collection
"""409272156""","""B07ZG7HNVQ""",https://www.walmart.com/ip/409272156?selected=true,https://www.amazon.com/dp/B07ZG7HNVQ?psc=1&th=1&vs=1,Incorrect Match,In WM_(Band Maternity Jeans) & in Comp_(Curvy Skinny Jeans),Model,Clothing,Fashion Brands,Sofia Vergara Collection
"""414969076""","""B07ZG74WPV""",https://www.walmart.com/ip/414969076?selected=true,https://www.amazon.com/dp/B07ZG74WPV?psc=1&th=1&vs=1,Incorrect Match,In WM_(Full Band Maternity Jeans) & in Comp_(Curvy Skinny Jeans),Model,Clothing,Fashion Brands,Sofia Vergara Collection
"""414969076""","""B07ZG79PTF""",https://www.walmart.com/ip/414969076?selected=true,https://www.amazon.com/dp/B07ZG79PTF?psc=1&th=1&vs=1,Incorrect Match,In WM_((Curvy Ankle Jeans Model)_is different in Both) & in Comp_(( Curvy Skinny Jeans Jeans Model)_is different in Both),Model,Clothing,Fashion Brands,Sofia Vergara Collection
"""501162898""","""B07ZG76DYH""",https://www.walmart.com/ip/501162898?selected=true,https://www.amazon.com/dp/B07ZG76DYH?psc=1&th=1&vs=1,Incorrect Match,In WM_(Maternity Jeans) & in Comp_(Curvy Skinny Jeans),Model,Clothing,Fashion Brands,Sofia Vergara Collection
"""501162898""","""B07ZG8CRWP""",https://www.walmart.com/ip/501162898?selected=true,https://www.amazon.com/dp/B07ZG8CRWP?psc=1&th=1&vs=1,Incorrect Match,In WM_((Maternity Jeans model)_is different in Both) & in Comp_((Skinny Jeans model)_is different in Both),Model,Clothing,Fashion Brands,Sofia Vergara Collection
"""501162898""","""B07ZG781BT""",https://www.walmart.com/ip/501162898?selected=true,https://www.amazon.com/dp/B07ZG781BT?psc=1&th=1&vs=1,Incorrect Match,In WM_(Maternity Jeans) & in Comp_(Skinny Jeans),Model,Clothing,Fashion Brands,Sofia Vergara Collection
"""510614459""","""B07ZG7LPJG""",https://www.walmart.com/ip/510614459?selected=true,https://www.amazon.com/dp/B07ZG7LPJG?psc=1&th=1&vs=1,Incorrect Match,In WM_(Maternity Jeans) & in Comp_(Skinny Jeans),Model,Clothing,Fashion Brands,Sofia Vergara Collection
"""106624477""","""B0DGLNFYJJ""",https://www.walmart.com/ip/106624477?selected=true,https://www.amazon.com/dp/B0DGLNFYJJ?psc=1&th=1&vs=1,Incorrect Match,(set model)_is different in Both,Sets,Clothing,Kids Clothing,Baby Clothes
"""106624477""","""B0DGLNR52Q""",https://www.walmart.com/ip/106624477?selected=true,https://www.amazon.com/dp/B0DGLNR52Q?psc=1&th=1&vs=1,Incorrect Match,In WM_(Hoodie) & in Comp_(Sweatshirt and Sweatpants Set),Model|Sets,Clothing,Kids Clothing,Baby Clothes
"""106624477""","""B0DGLP1T7V""",https://www.walmart.com/ip/106624477?selected=true,https://www.amazon.com/dp/B0DGLP1T7V?psc=1&th=1&vs=1,Incorrect Match,In WM_(Hoodie) & in Comp_(Sweatshirt and Sweatpants Set),Sets,Clothing,Kids Clothing,Baby Clothes
"""106624477""","""B0DGLN8BLK""",https://www.walmart.com/ip/106624477?selected=true,https://www.amazon.com/dp/B0DGLN8BLK?psc=1&th=1&vs=1,Incorrect Match,In WM_(Zip Model) & in Comp_(Plain Model),Model,Clothing,Kids Clothing,Baby Clothes
"""106624477""","""B0DGLMSLDV""",https://www.walmart.com/ip/106624477?selected=true,https://www.amazon.com/dp/B0DGLMSLDV?psc=1&th=1&vs=1,Incorrect Match,In WM_(Hoodie) & in Comp_(Sweatshirt and Sweatpants Set),Sets,Clothing,Kids Clothing,Baby Clothes
"""106624477""","""B0DGLN5WJZ""",https://www.walmart.com/ip/106624477?selected=true,https://www.amazon.com/dp/B0DGLN5WJZ?psc=1&th=1&vs=1,Incorrect Match,In WM_(Terry Hoodie) & in Comp_(Terry Sweatshirt and Sweatpants),Sets,Clothing,Kids Clothing,Baby Clothes
"""170657798""","""B0DGLMM5NS""",https://www.walmart.com/ip/170657798?selected=true,https://www.amazon.com/dp/B0DGLMM5NS?psc=1&th=1&vs=1,Incorrect Match,In WM_(Hoodie) & in Comp_(Sweatshirt and Sweatpants),Model,Clothing,Kids Clothing,Baby Clothes
"""170657798""","""B0DGLMPQ6T""",https://www.walmart.com/ip/170657798?selected=true,https://www.amazon.com/dp/B0DGLMPQ6T?psc=1&th=1&vs=1,Incorrect Match,In WM_(Hoodie) & in Comp_(Sweatshirt and Sweatpants Set),Model,Clothing,Kids Clothing,Baby Clothes
"""170657798""","""B0DGLP3VJY""",https://www.walmart.com/ip/170657798?selected=true,https://www.amazon.com/dp/B0DGLP3VJY?psc=1&th=1&vs=1,Incorrect Match,"In WM_(Hoodie, 2-Pack,) & in Comp_(Sweatshirt and Sweatpants Set)",Model,Clothing,Kids Clothing,Baby Clothes
"""170657798""","""B0DGLNHQJT""",https://www.walmart.com/ip/170657798?selected=true,https://www.amazon.com/dp/B0DGLNHQJT?psc=1&th=1&vs=1,Incorrect Match,In WM_(2 Hoodie) & in Comp_(Sweatshirt and Sweatpants),Sets,Clothing,Kids Clothing,Baby Clothes
"""170657798""","""B0DGLMWJXL""",https://www.walmart.com/ip/170657798?selected=true,https://www.amazon.com/dp/B0DGLMWJXL?psc=1&th=1&vs=1,Incorrect Match,"(sets are different in both (Hoodie,Sweatshirt and Sweatpants Set))_is different in Both",Design and Color|Model|Sets,Clothing,Kids Clothing,Baby Clothes
"""170657798""","""B0DGLQF88H""",https://www.walmart.com/ip/170657798?selected=true,https://www.amazon.com/dp/B0DGLQF88H?psc=1&th=1&vs=1,Incorrect Match,"In WM_(Sweatshirt and Sweatpants Set,) & in Comp_(French Terry Hoodie,)",Model|Product type|Sets,Clothing,Kids Clothing,Baby Clothes
"""188382164""","""B0C78WR32G""",https://www.walmart.com/ip/188382164?selected=true,https://www.amazon.com/dp/B0C78WR32G?psc=1&th=1&vs=1,Not Sure,Info not sufficient in competitor page,Model,Clothing,Kids Clothing,Baby Clothes
"""188382164""","""B09V238WRL""",https://www.walmart.com/ip/188382164?selected=true,https://www.amazon.com/dp/B09V238WRL?psc=1&th=1&vs=1,Incorrect Match,Others_((Boy Jersey Jogger & Cotton Stretch Jersey)_is different in Both),Model,Clothing,Kids Clothing,Baby Clothes
"""188382164""","""B0BL1CGFZK""",https://www.walmart.com/ip/188382164?selected=true,https://www.amazon.com/dp/B0BL1CGFZK?psc=1&th=1&vs=1,Incorrect Match,In WM_(without knot) & in Comp_(with knot),Model,Clothing,Kids Clothing,Baby Clothes
"""188382164""","""B09X7M7T2Q""",https://www.walmart.com/ip/188382164?selected=true,https://www.amazon.com/dp/B09X7M7T2Q?psc=1&th=1&vs=1,Incorrect Match,In WM_(without knot) & in Comp_(with knot),Model,Clothing,Kids Clothing,Baby Clothes
"""188382164""","""B09V24H4D3""",https://www.walmart.com/ip/188382164?selected=true,https://www.amazon.com/dp/B09V24H4D3?psc=1&th=1&vs=1,Incorrect Match,In WM_(without lace) & in Comp_(with lace),Model,Clothing,Kids Clothing,Baby Clothes
"""188382164""","""B09V2373CP""",https://www.walmart.com/ip/188382164?selected=true,https://www.amazon.com/dp/B09V2373CP?psc=1&th=1&vs=1,Incorrect Match,Others_(In WM(elastic model) & in Comp_(Lace model)),Model,Clothing,Kids Clothing,Baby Clothes
"""188382164""","""B09V22Z5J1""",https://www.walmart.com/ip/188382164?selected=true,https://www.amazon.com/dp/B09V22Z5J1?psc=1&th=1&vs=1,Incorrect Match,In WM_(without drosting) & in Comp_(with drosting),Model,Clothing,Kids Clothing,Baby Clothes
"""5930068695""","""B00CADH562""",https://www.walmart.com/ip/5930068695?selected=true,https://www.amazon.com/dp/B00CADH562?psc=1&th=1&vs=1,Incorrect Match,"In WM_(Joggers pant) & in Comp_(4-Way Stretch Wrinkle Resistant Cargo Scrub Pant,)",Model,Clothing,Scrubs,Scrubs
"""5930068717""","""B09R17CV4V""",https://www.walmart.com/ip/5930068717?selected=true,https://www.amazon.com/dp/B09R17CV4V?psc=1&th=1&vs=1,Incorrect Match,In WM_(multiple pockets) & in Comp_(single pocket),Model,Clothing,Scrubs,Scrubs
"""5930068719""","""B09R17KQDR""",https://www.walmart.com/ip/5930068719?selected=true,https://www.amazon.com/dp/B09R17KQDR?psc=1&th=1&vs=1,Incorrect Match,(pockets model)_is different in Both,Model,Clothing,Scrubs,Scrubs
"""5930068719""","""B09R16S9B2""",https://www.walmart.com/ip/5930068719?selected=true,https://www.amazon.com/dp/B09R16S9B2?psc=1&th=1&vs=1,Incorrect Match,Others_((neck & pocket model)_is different in Both),Model,Clothing,Scrubs,Scrubs
"""5930603857""","""B09R168C4X""",https://www.walmart.com/ip/5930603857?selected=true,https://www.amazon.com/dp/B09R168C4X?psc=1&th=1&vs=1,Incorrect Match,((Pocket shape )_is different in Both)_is different in Both,Model,Clothing,Scrubs,Scrubs
"""5930603857""","""B09R16H8V3""",https://www.walmart.com/ip/5930603857?selected=true,https://www.amazon.com/dp/B09R16H8V3?psc=1&th=1&vs=1,Incorrect Match,In WM_(multiple pockets model) & in Comp_(single pocketsmodel),Model,Clothing,Scrubs,Scrubs
"""6014061741""","""B09R1643KB""",https://www.walmart.com/ip/6014061741?selected=true,https://www.amazon.com/dp/B09R1643KB?psc=1&th=1&vs=1,Incorrect Match,Others_(Others_(both side pocket & neck model different)),Model,Clothing,Scrubs,Scrubs
"""688856198""","""B0FDSJPZ92""",https://www.walmart.com/ip/688856198?selected=true,https://www.amazon.com/dp/B0FDSJPZ92?psc=1&th=1&vs=1,Incorrect Match,(Tights model different)_is different in Both,Model,Clothing,Womens Clothing,"Womens Socks, Hosiery & Tights"
"""688856198""","""B0FDS2C7JR""",https://www.walmart.com/ip/688856198?selected=true,https://www.amazon.com/dp/B0FDS2C7JR?psc=1&th=1&vs=1,Incorrect Match,In WM_(wm: foot covered Tights) & in Comp_(Amz: footless Tights),Model,Clothing,Womens Clothing,"Womens Socks, Hosiery & Tights"
"""688856198""","""B0FDSG7YQQ""",https://www.walmart.com/ip/688856198?selected=true,https://www.amazon.com/dp/B0FDSG7YQQ?psc=1&th=1&vs=1,Incorrect Match,"(wm-Full Length Tights, amz- Footless Tights)_is different in Both",Model,Clothing,Womens Clothing,"Womens Socks, Hosiery & Tights"
"""688856198""","""B08CW5T5GG""",https://www.walmart.com/ip/688856198?selected=true,https://www.amazon.com/dp/B08CW5T5GG?psc=1&th=1&vs=1,Incorrect Match,In WM_(60 denier) & in Comp_(20 Denier),Model,Clothing,Womens Clothing,"Womens Socks, Hosiery & Tights"
"""705244738""","""B0FDSJPZ92""",https://www.walmart.com/ip/705244738?selected=true,https://www.amazon.com/dp/B0FDSJPZ92?psc=1&th=1&vs=1,Incorrect Match,In WM_(Panty) & in Comp_(leggings),Model,Clothing,Womens Clothing,"Womens Socks, Hosiery & Tights"
"""705244738""","""B07VD3V6K1""",https://www.walmart.com/ip/705244738?selected=true,https://www.amazon.com/dp/B07VD3V6K1?psc=1&th=1&vs=1,Incorrect Match,Others_((Opaque Control Top Tights & Basic 400D Tights)_is different in Both),Model,Clothing,Womens Clothing,"Womens Socks, Hosiery & Tights"
"""705244738""","""B0FDS2C7JR""",https://www.walmart.com/ip/705244738?selected=true,https://www.amazon.com/dp/B0FDS2C7JR?psc=1&th=1&vs=1,Incorrect Match,In WM_(Opaque Control Top Tights) & in Comp_(Opaque Footless),Model,Clothing,Womens Clothing,"Womens Socks, Hosiery & Tights"
"""705244738""","""B0FDRZ2ZS9""",https://www.walmart.com/ip/705244738?selected=true,https://www.amazon.com/dp/B0FDRZ2ZS9?psc=1&th=1&vs=1,Incorrect Match,In WM_(Top Tights) & in Comp_(Footless Tights),Model,Clothing,Womens Clothing,"Womens Socks, Hosiery & Tights"
"""705244738""","""B0FDSG7YQQ""",https://www.walmart.com/ip/705244738?selected=true,https://www.amazon.com/dp/B0FDSG7YQQ?psc=1&th=1&vs=1,Incorrect Match,(Control Top Tights / Opaque Footless Tights)_is different in Both,Model,Clothing,Womens Clothing,"Womens Socks, Hosiery & Tights"
"""705244738""","""B08CW5T5GG""",https://www.walmart.com/ip/705244738?selected=true,https://www.amazon.com/dp/B08CW5T5GG?psc=1&th=1&vs=1,Incorrect Match,In WM_(Opaque Control Tights) & in Comp_(Satin Tights),Model,Clothing,Womens Clothing,"Womens Socks, Hosiery & Tights"
"""709375723""","""B0FDSJPZ92""",https://www.walmart.com/ip/709375723?selected=true,https://www.amazon.com/dp/B0FDSJPZ92?psc=1&th=1&vs=1,Incorrect Match,In WM_(Houndstooth and Opaque Tights in wm) & in Comp_(Opaque Footless Tights in amz),Model,Clothing,Womens Clothing,"Womens Socks, Hosiery & Tights"
"""709375723""","""B0FDS2C7JR""",https://www.walmart.com/ip/709375723?selected=true,https://www.amazon.com/dp/B0FDS2C7JR?psc=1&th=1&vs=1,Incorrect Match,In WM_(Houndstooth and Opaque) & in Comp_(Opaque Footless Tights),Model,Clothing,Womens Clothing,"Womens Socks, Hosiery & Tights"
"""709375723""","""B0FDRZ2ZS9""",https://www.walmart.com/ip/709375723?selected=true,https://www.amazon.com/dp/B0FDRZ2ZS9?psc=1&th=1&vs=1,Incorrect Match,(model type different Houndstooth and Tights)_is different in Both,Model,Clothing,Womens Clothing,"Womens Socks, Hosiery & Tights"
"""709375723""","""B0FDSG7YQQ""",https://www.walmart.com/ip/709375723?selected=true,https://www.amazon.com/dp/B0FDSG7YQQ?psc=1&th=1&vs=1,Incorrect Match,In WM_(Opaque Tights) & in Comp_(Footless Tights),Model,Clothing,Womens Clothing,"Womens Socks, Hosiery & Tights"
"""709375723""","""B087K96PKQ""",https://www.walmart.com/ip/709375723?selected=true,https://www.amazon.com/dp/B087K96PKQ?psc=1&th=1&vs=1,Incorrect Match,Others_((Houndstooth and Wolford Opaque)_is different in Both),Model,Clothing,Womens Clothing,"Womens Socks, Hosiery & Tights"
"""709375723""","""B087K8VZ7C""",https://www.walmart.com/ip/709375723?selected=true,https://www.amazon.com/dp/B087K8VZ7C?psc=1&th=1&vs=1,Incorrect Match,(Tights model)_is different in Both,Model,Clothing,Womens Clothing,"Womens Socks, Hosiery & Tights"
"""709375723""","""B0FDSG8RTK""",https://www.walmart.com/ip/709375723?selected=true,https://www.amazon.com/dp/B0FDSG8RTK?psc=1&th=1&vs=1,Incorrect Match,In WM_(thigh high inner ware) & in Comp_(curved inner ware),Model,Clothing,Womens Clothing,"Womens Socks, Hosiery & Tights"
"""709375723""","""B07VD3V6K1""",https://www.walmart.com/ip/709375723?selected=true,https://www.amazon.com/dp/B07VD3V6K1?psc=1&th=1&vs=1,Incorrect Match,Others_(In WM_(Black) Houndstooth and Opaque Tights& in Comp_(Black/Brown) Basic 400D Tights),Model,Clothing,Womens Clothing,"Womens Socks, Hosiery & Tights"
"""710586300""","""B0FDSG7YQQ""",https://www.walmart.com/ip/710586300?selected=true,https://www.amazon.com/dp/B0FDSG7YQQ?psc=1&th=1&vs=1,Incorrect Match,In WM_((Blackout Tights pant model)_is different in Both) & in Comp_((Opaque Footless Tights pant model)_is different in Both),Model,Clothing,Womens Clothing,"Womens Socks, Hosiery & Tights"
"""710586300""","""B0FDSJPZ92""",https://www.walmart.com/ip/710586300?selected=true,https://www.amazon.com/dp/B0FDSJPZ92?psc=1&th=1&vs=1,Incorrect Match,In WM_(Blackout Tights) & in Comp_(Opaque Footless),Model,Clothing,Womens Clothing,"Womens Socks, Hosiery & Tights"
"""710586300""","""B0FDSJSQDS""",https://www.walmart.com/ip/710586300?selected=true,https://www.amazon.com/dp/B0FDSJSQDS?psc=1&th=1&vs=1,Incorrect Match,In WM_(Plain) & in Comp_(Fishnet Tights),Model,Clothing,Womens Clothing,"Womens Socks, Hosiery & Tights"
"""710586300""","""B0FDRZ2ZS9""",https://www.walmart.com/ip/710586300?selected=true,https://www.amazon.com/dp/B0FDRZ2ZS9?psc=1&th=1&vs=1,Incorrect Match,(Blackout Tights and Footless Tights)_is different in Both,Model,Clothing,Womens Clothing,"Womens Socks, Hosiery & Tights"
"""710586300""","""B0FDS2C7JR""",https://www.walmart.com/ip/710586300?selected=true,https://www.amazon.com/dp/B0FDS2C7JR?psc=1&th=1&vs=1,Incorrect Match,In WM_(Blackout Tights) & in Comp_(Footless Tights),Model,Clothing,Womens Clothing,"Womens Socks, Hosiery & Tights"
"""710586300""","""B07VD3V6K1""",https://www.walmart.com/ip/710586300?selected=true,https://www.amazon.com/dp/B07VD3V6K1?psc=1&th=1&vs=1,Incorrect Match,"Others_(Blackout Tights,& Black Basic 400D Tights)",Model,Clothing,Womens Clothing,"Womens Socks, Hosiery & Tights"
"""723622869""","""B0FDSG7YQQ""",https://www.walmart.com/ip/723622869?selected=true,https://www.amazon.com/dp/B0FDSG7YQQ?psc=1&th=1&vs=1,Incorrect Match,(Footless Tights and Opaque Footless Tights design)_is different in Both,Model,Clothing,Womens Clothing,"Womens Socks, Hosiery & Tights"
"""723622869""","""B0FDSJPZ92""",https://www.walmart.com/ip/723622869?selected=true,https://www.amazon.com/dp/B0FDSJPZ92?psc=1&th=1&vs=1,Incorrect Match,In WM_(Footless Tights) & in Comp_(Opaque Footless Tights),Model,Clothing,Womens Clothing,"Womens Socks, Hosiery & Tights"
"""723622869""","""B0FDRZ2ZS9""",https://www.walmart.com/ip/723622869?selected=true,https://www.amazon.com/dp/B0FDRZ2ZS9?psc=1&th=1&vs=1,Incorrect Match,In WM_(ankle length) & in Comp_(full lenghth),Model,Clothing,Womens Clothing,"Womens Socks, Hosiery & Tights"
"""723622869""","""B0FDS2C7JR""",https://www.walmart.com/ip/723622869?selected=true,https://www.amazon.com/dp/B0FDS2C7JR?psc=1&th=1&vs=1,Variant Line Match,Product attributes are different,Size,Clothing,Womens Clothing,"Womens Socks, Hosiery & Tights"
"""723622869""","""B07VD3V6K1""",https://www.walmart.com/ip/723622869?selected=true,https://www.amazon.com/dp/B07VD3V6K1?psc=1&th=1&vs=1,Incorrect Match,(pant bottom model)_is different in Both,Model,Clothing,Womens Clothing,"Womens Socks, Hosiery & Tights"
"""747974738""","""B07VD3V6K1""",https://www.walmart.com/ip/747974738?selected=true,https://www.amazon.com/dp/B07VD3V6K1?psc=1&th=1&vs=1,Incorrect Match,"Others_(In WM_(Blackout Tights,) & in Comp_(Basic 400D Tights ))",Model,Clothing,Womens Clothing,"Womens Socks, Hosiery & Tights"
"""747974738""","""B0FDSJPZ92""",https://www.walmart.com/ip/747974738?selected=true,https://www.amazon.com/dp/B0FDSJPZ92?psc=1&th=1&vs=1,Incorrect Match,In WM_(Blackout Tights) & in Comp_(Opaque Footless Tights),Model,Clothing,Womens Clothing,"Womens Socks, Hosiery & Tights"
"""747974738""","""B0FDS2C7JR""",https://www.walmart.com/ip/747974738?selected=true,https://www.amazon.com/dp/B0FDS2C7JR?psc=1&th=1&vs=1,Incorrect Match,In WM_(Footless Tight) & in Comp_(Blackout Tights),Model,Clothing,Womens Clothing,"Womens Socks, Hosiery & Tights"
"""747974738""","""B0FDRZ2ZS9""",https://www.walmart.com/ip/747974738?selected=true,https://www.amazon.com/dp/B0FDRZ2ZS9?psc=1&th=1&vs=1,Incorrect Match,Others_(In WM_(full length) & in Comp_(Opaque Footless Tights)),Model,Clothing,Womens Clothing,"Womens Socks, Hosiery & Tights"
"""747974738""","""B0FDSG7YQQ""",https://www.walmart.com/ip/747974738?selected=true,https://www.amazon.com/dp/B0FDSG7YQQ?psc=1&th=1&vs=1,Incorrect Match,In WM_(Blackout Tights) & in Comp_(Footless Tights),Model,Clothing,Womens Clothing,"Womens Socks, Hosiery & Tights"
"""747974738""","""B0FDSJSQDS""",https://www.walmart.com/ip/747974738?selected=true,https://www.amazon.com/dp/B0FDSJSQDS?psc=1&th=1&vs=1,Incorrect Match,In WM_(Blackout Tights) & in Comp_(Fishnet Tights),Model,Clothing,Womens Clothing,"Womens Socks, Hosiery & Tights"
"""768574491""","""B0DXKKDCFW""",https://www.walmart.com/ip/768574491?selected=true,https://www.amazon.com/dp/B0DXKKDCFW?psc=1&th=1&vs=1,Incorrect Match,"Others_(Solid Tight-Legging, & Active FormFlex Buttery)",Model,Clothing,Womens Clothing,Womens Pants
"""768574491""","""B0DXK9P4BJ""",https://www.walmart.com/ip/768574491?selected=true,https://www.amazon.com/dp/B0DXK9P4BJ?psc=1&th=1&vs=1,Incorrect Match,In WM_(ankle lenght) & in Comp_(3/4th lenght),Model,Clothing,Womens Clothing,Womens Pants
"""768574491""","""B0DXJRFMZ1""",https://www.walmart.com/ip/768574491?selected=true,https://www.amazon.com/dp/B0DXJRFMZ1?psc=1&th=1&vs=1,Incorrect Match,In WM_(new) & in Comp_(Buy used),Condition,Clothing,Womens Clothing,Womens Pants
"""768574491""","""B0DXKTW9V8""",https://www.walmart.com/ip/768574491?selected=true,https://www.amazon.com/dp/B0DXKTW9V8?psc=1&th=1&vs=1,Incorrect Match,In WM_(Full Lenght Legging) & in Comp_( Capri short length Legging),Model,Clothing,Womens Clothing,Womens Pants
"""768574491""","""B0DXKPRFP9""",https://www.walmart.com/ip/768574491?selected=true,https://www.amazon.com/dp/B0DXKPRFP9?psc=1&th=1&vs=1,Incorrect Match,((Stitch and lenght)_is different in Both)_is different in Both,Model,Clothing,Womens Clothing,Womens Pants
"""768574491""","""B0DXK2KW22""",https://www.walmart.com/ip/768574491?selected=true,https://www.amazon.com/dp/B0DXK2KW22?psc=1&th=1&vs=1,Incorrect Match,In WM_(With Pocket) & in Comp_(with out Pocket),Model,Clothing,Womens Clothing,Womens Pants
"""768574491""","""B0DXJTP9XG""",https://www.walmart.com/ip/768574491?selected=true,https://www.amazon.com/dp/B0DXJTP9XG?psc=1&th=1&vs=1,Incorrect Match,In WM_(1 side-slip pocket) & in Comp_(2 side-slip pocket),Model,Clothing,Womens Clothing,Womens Pants
"""768574491""","""B0DXJYBVLF""",https://www.walmart.com/ip/768574491?selected=true,https://www.amazon.com/dp/B0DXJYBVLF?psc=1&th=1&vs=1,Incorrect Match,In WM_(Legging hip elastic model) & in Comp_(Legging back model),Model,Clothing,Womens Clothing,Womens Pants
"""768574491""","""B0DXK2K6FZ""",https://www.walmart.com/ip/768574491?selected=true,https://www.amazon.com/dp/B0DXK2K6FZ?psc=1&th=1&vs=1,Incorrect Match,In WM_(pocket) & in Comp_(without pocket),Model,Clothing,Womens Clothing,Womens Pants
"""773482212""","""B0FDS2C7JR""",https://www.walmart.com/ip/773482212?selected=true,https://www.amazon.com/dp/B0FDS2C7JR?psc=1&th=1&vs=1,Incorrect Match,In WM_(Black Footless Tights) & in Comp_(Opaque Footless Tights),Model,Clothing,Womens Clothing,"Womens Socks, Hosiery & Tights"
"""773482212""","""B0FDSJPZ92""",https://www.walmart.com/ip/773482212?selected=true,https://www.amazon.com/dp/B0FDSJPZ92?psc=1&th=1&vs=1,Incorrect Match,In WM_(wm :there is one design thai model) & in Comp_(Amz: no design in thai),Model,Clothing,Womens Clothing,"Womens Socks, Hosiery & Tights"
"""773482212""","""B0FDRY4WZ7""",https://www.walmart.com/ip/773482212?selected=true,https://www.amazon.com/dp/B0FDRY4WZ7?psc=1&th=1&vs=1,Incorrect Match,In WM_(Footless Tights for Women) & in Comp_(Fishnet Tights),Model,Clothing,Womens Clothing,"Womens Socks, Hosiery & Tights"
"""773482212""","""B0FDSG7YQQ""",https://www.walmart.com/ip/773482212?selected=true,https://www.amazon.com/dp/B0FDSG7YQQ?psc=1&th=1&vs=1,Incorrect Match,In WM_(Black Footless Tights) & in Comp_(Women's Opaque Tights),Model,Clothing,Womens Clothing,"Womens Socks, Hosiery & Tights"
"""15229129""","""B0F6CV8J77""",https://www.walmart.com/ip/15229129?selected=true,https://www.amazon.com/dp/B0F6CV8J77?psc=1&th=1&vs=1,Incorrect Match,"In WM_(design) & in Comp_(design, pack)",Model,Clothing,Womens Clothing,"Womens Bras, Panties & Lingerie"
"""21346117""","""B07F1F3RRX""",https://www.walmart.com/ip/21346117?selected=true,https://www.amazon.com/dp/B07F1F3RRX?psc=1&th=1&vs=1,Incorrect Match,Others_(Sweatpants in wm and skiny in amz),Model,Clothing,Mens Clothing,Mens Workout Clothing
"""21346117""","""B0BJDGNLWS""",https://www.walmart.com/ip/21346117?selected=true,https://www.amazon.com/dp/B0BJDGNLWS?psc=1&th=1&vs=1,Incorrect Match,In WM_(side pocket model) & in Comp_(no side pocket),Model,Clothing,Mens Clothing,Mens Workout Clothing
"""21346119""","""B08J94R33T""",https://www.walmart.com/ip/21346119?selected=true,https://www.amazon.com/dp/B08J94R33T?psc=1&th=1&vs=1,Incorrect Match,(in amz back Pocket not given)_is different in Both,Model,Clothing,Mens Clothing,Mens Workout Clothing
"""21346119""","""B08J92351F""",https://www.walmart.com/ip/21346119?selected=true,https://www.amazon.com/dp/B08J92351F?psc=1&th=1&vs=1,Incorrect Match,Others_(In WM_(Cargo Sweatpants Bottom Rib Model Differ) & in Comp_(ogger Sweatpants l)),Model,Clothing,Mens Clothing,Mens Workout Clothing
"""21346119""","""B072FPVQQR""",https://www.walmart.com/ip/21346119?selected=true,https://www.amazon.com/dp/B072FPVQQR?psc=1&th=1&vs=1,Incorrect Match,In WM_(with Pocket) & in Comp_(without pocket),Model,Clothing,Mens Clothing,Mens Workout Clothing
"""21346119""","""B075JWCR4M""",https://www.walmart.com/ip/21346119?selected=true,https://www.amazon.com/dp/B075JWCR4M?psc=1&th=1&vs=1,Incorrect Match,In WM_(Cargo Pocket Sweatpants) & in Comp_(Open Bottom Sweatpant),Model,Clothing,Mens Clothing,Mens Workout Clothing
"""21348481""","""B08J9224G9""",https://www.walmart.com/ip/21348481?selected=true,https://www.amazon.com/dp/B08J9224G9?psc=1&th=1&vs=1,Incorrect Match,Others_(( Men's Fleece Cargo & Relaxed Fit Cargo Fleece )_is different in Both),Model,Clothing,Mens Clothing,Mens Workout Clothing
"""21348481""","""B08J92322T""",https://www.walmart.com/ip/21348481?selected=true,https://www.amazon.com/dp/B08J92322T?psc=1&th=1&vs=1,Incorrect Match,Others_(In WM(elastic model) & in Comp_(Lace model)),Model,Clothing,Mens Clothing,Mens Workout Clothing
"""21348481""","""B07P9T62T1""",https://www.walmart.com/ip/21348481?selected=true,https://www.amazon.com/dp/B07P9T62T1?psc=1&th=1&vs=1,Incorrect Match,"In WM_(( Fleece Cargo Pocket model)_is different in Both) & in Comp_((Sweatpants, Closed Bottom_is different in Both)",Model,Clothing,Mens Clothing,Mens Workout Clothing
"""21348483""","""B08J94JY9S""",https://www.walmart.com/ip/21348483?selected=true,https://www.amazon.com/dp/B08J94JY9S?psc=1&th=1&vs=1,Incorrect Match,Others_(( Big Men's Fleece Cargo & Relaxed Fit Cargo Fleece)_is different in Both),Model,Clothing,Mens Clothing,Mens Workout Clothing
"""134075240""","""B0DNJSNW6R""",https://www.walmart.com/ip/134075240?selected=true,https://www.amazon.com/dp/B0DNJSNW6R?psc=1&th=1&vs=1,Incorrect Match,Others_(Others_(botton stiching amz)),Model,Clothing,Kids Clothing,Toddler Clothing
"""134075240""","""B0DNJH69ZZ""",https://www.walmart.com/ip/134075240?selected=true,https://www.amazon.com/dp/B0DNJH69ZZ?psc=1&th=1&vs=1,Incorrect Match,In WM_(wm:pain round neck tshirt) & in Comp_(Amz: crew neck with button),Model,Clothing,Kids Clothing,Toddler Clothing
"""103936635""","""B099XG9D23""",https://www.walmart.com/ip/103936635?selected=true,https://www.amazon.com/dp/B099XG9D23?psc=1&th=1&vs=1,Incorrect Match,In WM_(Hi Cut Panties) & in Comp_(Hipster),Model,Clothing,Womens Clothing,"Womens Bras, Panties & Lingerie"
"""103936635""","""B099XDBN2P""",https://www.walmart.com/ip/103936635?selected=true,https://www.amazon.com/dp/B099XDBN2P?psc=1&th=1&vs=1,Incorrect Match,Others_(Seamless Hi Cut Panties & Cotton High Waisted model different),Model,Clothing,Womens Clothing,"Womens Bras, Panties & Lingerie"
"""103936635""","""B0BGGVRKTX""",https://www.walmart.com/ip/103936635?selected=true,https://www.amazon.com/dp/B0BGGVRKTX?psc=1&th=1&vs=1,Incorrect Match,Others_(Others_(stripes and plain design different)),Design and Color,Clothing,Womens Clothing,"Womens Bras, Panties & Lingerie"
"""103936635""","""B0BGGY6P8J""",https://www.walmart.com/ip/103936635?selected=true,https://www.amazon.com/dp/B0BGGY6P8J?psc=1&th=1&vs=1,Incorrect Match,In WM_(printed Panties) & in Comp_(plain Panties),Model,Clothing,Womens Clothing,"Womens Bras, Panties & Lingerie"
"""103936635""","""B0BGGXGWVP""",https://www.walmart.com/ip/103936635?selected=true,https://www.amazon.com/dp/B0BGGXGWVP?psc=1&th=1&vs=1,Incorrect Match,(design and plain panty)_is different in Both,Design and Color,Clothing,Womens Clothing,"Womens Bras, Panties & Lingerie"
"""103936635""","""B0BGGWWJ1J""",https://www.walmart.com/ip/103936635?selected=true,https://www.amazon.com/dp/B0BGGWWJ1J?psc=1&th=1&vs=1,Incorrect Match,Others_(WM has printed design and Amz has plain design),Design,Clothing,Womens Clothing,"Womens Bras, Panties & Lingerie"
"""107326465""","""B08GYX8JX8""",https://www.walmart.com/ip/107326465?selected=true,https://www.amazon.com/dp/B08GYX8JX8?psc=1&th=1&vs=1,Incorrect Match,In WM_(dotted design) & in Comp_(plain design),Design and Color,Clothing,Womens Clothing,"Womens Bras, Panties & Lingerie"
"""107326465""","""B07BJFRV9P""",https://www.walmart.com/ip/107326465?selected=true,https://www.amazon.com/dp/B07BJFRV9P?psc=1&th=1&vs=1,Incorrect Match,Others_(Hipster Panties striching model)_is different in Both),Model,Clothing,Womens Clothing,"Womens Bras, Panties & Lingerie"
"""107326465""","""B08GYX88FW""",https://www.walmart.com/ip/107326465?selected=true,https://www.amazon.com/dp/B08GYX88FW?psc=1&th=1&vs=1,Incorrect Match,Others_(In WM(elastic model) & in Comp_(Lace model)),Model,Clothing,Womens Clothing,"Womens Bras, Panties & Lingerie"
"""107326465""","""B07S9GPM9N""",https://www.walmart.com/ip/107326465?selected=true,https://www.amazon.com/dp/B07S9GPM9N?psc=1&th=1&vs=1,Incorrect Match,Others_(Microfiber and Lace Hipster Panties & Lace Hipster Underwear),Model,Clothing,Womens Clothing,"Womens Bras, Panties & Lingerie"
"""107326465""","""B0833NJ7Z1""",https://www.walmart.com/ip/107326465?selected=true,https://www.amazon.com/dp/B0833NJ7Z1?psc=1&th=1&vs=1,Incorrect Match,"(Lace Hipster Panties and High Waist Underwear,)_is different in Both",Model,Clothing,Womens Clothing,"Womens Bras, Panties & Lingerie"
"""107326465""","""B092516L3M""",https://www.walmart.com/ip/107326465?selected=true,https://www.amazon.com/dp/B092516L3M?psc=1&th=1&vs=1,Incorrect Match,"Others_(Lace Hipster Panties & Cheeky Hipster Underwear, model different)",Model,Clothing,Womens Clothing,"Womens Bras, Panties & Lingerie"
"""107326465""","""B08NFHNKZW""",https://www.walmart.com/ip/107326465?selected=true,https://www.amazon.com/dp/B08NFHNKZW?psc=1&th=1&vs=1,Incorrect Match,Others_(In WM(elastic model) & in Comp_(Lace model)),Model,Clothing,Womens Clothing,"Womens Bras, Panties & Lingerie"
"""107326465""","""B075MHMRH8""",https://www.walmart.com/ip/107326465?selected=true,https://www.amazon.com/dp/B075MHMRH8?psc=1&th=1&vs=1,Incorrect Match,In WM_(Lace model) & in Comp_(Waistband model),Model,Clothing,Womens Clothing,"Womens Bras, Panties & Lingerie"
"""107326465""","""B075M28K2C""",https://www.walmart.com/ip/107326465?selected=true,https://www.amazon.com/dp/B075M28K2C?psc=1&th=1&vs=1,Incorrect Match,(Panties hip model)_is different in Both,Model,Clothing,Womens Clothing,"Womens Bras, Panties & Lingerie"
"""112163750""","""B076BSFXLH""",https://www.walmart.com/ip/112163750?selected=true,https://www.amazon.com/dp/B076BSFXLH?psc=1&th=1&vs=1,Incorrect Match,In WM_(flower design) & in Comp_(plain model),Design|Model,Clothing,Womens Clothing,"Womens Bras, Panties & Lingerie"
"""112163750""","""B076BSL2RV""",https://www.walmart.com/ip/112163750?selected=true,https://www.amazon.com/dp/B076BSL2RV?psc=1&th=1&vs=1,Incorrect Match,In WM_(design Panties) & in Comp_(plain Panties),Design and Color,Clothing,Womens Clothing,"Womens Bras, Panties & Lingerie"
"""188382164""","""B09V22WRFY""",https://www.walmart.com/ip/188382164?selected=true,https://www.amazon.com/dp/B09V22WRFY?psc=1&th=1&vs=1,Incorrect Match,Others_(In WM(elastic model) & in Comp_(Lace model)),Model,Clothing,Kids Clothing,Baby Clothes
"""188382164""","""B09V22MW6F""",https://www.walmart.com/ip/188382164?selected=true,https://www.amazon.com/dp/B09V22MW6F?psc=1&th=1&vs=1,Incorrect Match,In WM_(Jersey Jogger) & in Comp_(Stretch Jersey),Model,Clothing,Kids Clothing,Baby Clothes
"""188382164""","""B09V22M33Q""",https://www.walmart.com/ip/188382164?selected=true,https://www.amazon.com/dp/B09V22M33Q?psc=1&th=1&vs=1,Incorrect Match,Others_(Knot and design is different),Design and Color|Model,Clothing,Kids Clothing,Baby Clothes
"""190317754""","""B0DGLNFYJJ""",https://www.walmart.com/ip/190317754?selected=true,https://www.amazon.com/dp/B0DGLNFYJJ?psc=1&th=1&vs=1,Incorrect Match,In WM_(Hoodie) & in Comp_(Sweatpants),Model,Clothing,Kids Clothing,Baby Clothes
"""190317754""","""B0DGLNR52Q""",https://www.walmart.com/ip/190317754?selected=true,https://www.amazon.com/dp/B0DGLNR52Q?psc=1&th=1&vs=1,Incorrect Match,"In WM_(Hoodie, 2-Pack,) & in Comp_(Sweatshirt and Sweatpants Set)",Model,Clothing,Kids Clothing,Baby Clothes
"""190317754""","""B0DGLP1T7V""",https://www.walmart.com/ip/190317754?selected=true,https://www.amazon.com/dp/B0DGLP1T7V?psc=1&th=1&vs=1,Incorrect Match,In WM_(Hoodie tee) & in Comp_(Sweatshirt and Sweatpants),Sets,Clothing,Kids Clothing,Baby Clothes
"""190317754""","""B0DGLMSLDV""",https://www.walmart.com/ip/190317754?selected=true,https://www.amazon.com/dp/B0DGLMSLDV?psc=1&th=1&vs=1,Incorrect Match,In WM_(French Terry Hoodie) & in Comp_(Terry Sweatshirt and Sweatpants),Model,Clothing,Kids Clothing,Baby Clothes
"""190317754""","""B0DGLN8BLK""",https://www.walmart.com/ip/190317754?selected=true,https://www.amazon.com/dp/B0DGLN8BLK?psc=1&th=1&vs=1,Incorrect Match,"In WM_(Sweatshirt and Sweatpants Set) & in Comp_(French Terry Hoodie,)",Model|Product type|Sets,Clothing,Kids Clothing,Baby Clothes
"""190317754""","""B0DGLN5WJZ""",https://www.walmart.com/ip/190317754?selected=true,https://www.amazon.com/dp/B0DGLN5WJZ?psc=1&th=1&vs=1,Incorrect Match,"In WM_(ZIp, Pocket) & in Comp_(Plain shirt)",Model|Sets,Clothing,Kids Clothing,Baby Clothes
"""201576634""","""B0D5W91BGS""",https://www.walmart.com/ip/201576634?selected=true,https://www.amazon.com/dp/B0D5W91BGS?psc=1&th=1&vs=1,Not Sure,Info not sufficient in competitor page,Model,Clothing,Fashion Brands,Garanimals
"""201576634""","""B0CHN7GRGJ""",https://www.walmart.com/ip/201576634?selected=true,https://www.amazon.com/dp/B0CHN7GRGJ?psc=1&th=1&vs=1,Not Sure,Info not sufficient in competitor page,Model,Clothing,Fashion Brands,Garanimals
"""201576634""","""B0C8XN98P1""",https://www.walmart.com/ip/201576634?selected=true,https://www.amazon.com/dp/B0C8XN98P1?psc=1&th=1&vs=1,Incorrect Match,In WM_(plain) & in Comp_(Collar button model),Model,Clothing,Fashion Brands,Garanimals
"""201576634""","""B09V238Q74""",https://www.walmart.com/ip/201576634?selected=true,https://www.amazon.com/dp/B09V238Q74?psc=1&th=1&vs=1,Incorrect Match,In WM_(Plain Design) & in Comp_(Strip Design),Design,Clothing,Fashion Brands,Garanimals
"""201576634""","""B0B4CNT2WY""",https://www.walmart.com/ip/201576634?selected=true,https://www.amazon.com/dp/B0B4CNT2WY?psc=1&th=1&vs=1,Incorrect Match,Others_(In WM_(plain) & in Comp_(print design )),Model,Clothing,Fashion Brands,Garanimals
"""211546207""","""B0D5W91BGS""",https://www.walmart.com/ip/211546207?selected=true,https://www.amazon.com/dp/B0D5W91BGS?psc=1&th=1&vs=1,Not Sure,Info not sufficient in competitor page,Model,Clothing,Fashion Brands,Garanimals
"""211546207""","""B0CHN7GRGJ""",https://www.walmart.com/ip/211546207?selected=true,https://www.amazon.com/dp/B0CHN7GRGJ?psc=1&th=1&vs=1,Not Sure,Info not sufficient in competitor page,Model,Clothing,Fashion Brands,Garanimals
"""211546207""","""B0C8XN98P1""",https://www.walmart.com/ip/211546207?selected=true,https://www.amazon.com/dp/B0C8XN98P1?psc=1&th=1&vs=1,Incorrect Match,Others_(Basic Long Sleeve & Organic Cotton Long Sleeve model different),Model,Clothing,Fashion Brands,Garanimals
"""211546207""","""B0B4CNT2WY""",https://www.walmart.com/ip/211546207?selected=true,https://www.amazon.com/dp/B0B4CNT2WY?psc=1&th=1&vs=1,Incorrect Match,In WM_(plain design) & in Comp_(multi design),Design and Color,Clothing,Fashion Brands,Garanimals
"""211546207""","""B09V239SDQ""",https://www.walmart.com/ip/211546207?selected=true,https://www.amazon.com/dp/B09V239SDQ?psc=1&th=1&vs=1,Incorrect Match,In WM_(Crew neck) & in Comp_(u neck),Model,Clothing,Fashion Brands,Garanimals
"""550125278""","""B07ZG7B8TB""",https://www.walmart.com/ip/550125278?selected=true,https://www.amazon.com/dp/B07ZG7B8TB?psc=1&th=1&vs=1,Incorrect Match,"In WM_(Maternity Jeans,) & in Comp_(Skinny Jeans)",Model,Clothing,Fashion Brands,Sofia Vergara Collection
"""550125278""","""B07ZG775S1""",https://www.walmart.com/ip/550125278?selected=true,https://www.amazon.com/dp/B07ZG775S1?psc=1&th=1&vs=1,Incorrect Match,In WM_(Maternity Jeans) & in Comp_(Skinny Jeans),Model,Clothing,Fashion Brands,Sofia Vergara Collection
"""585907789""","""B07ZG7B8TB""",https://www.walmart.com/ip/585907789?selected=true,https://www.amazon.com/dp/B07ZG7B8TB?psc=1&th=1&vs=1,Incorrect Match,In WM_(Full Band Maternity Jeans) & in Comp_(Curvy Skinny Jeans),Design,Clothing,Fashion Brands,Sofia Vergara Collection
"""585907789""","""B07ZG775S1""",https://www.walmart.com/ip/585907789?selected=true,https://www.amazon.com/dp/B07ZG775S1?psc=1&th=1&vs=1,Incorrect Match,Others_(Maternity Jeans & Skinny Jeans model different),Model,Clothing,Fashion Brands,Sofia Vergara Collection
"""668833462""","""B07ZG7LPNZ""",https://www.walmart.com/ip/668833462?selected=true,https://www.amazon.com/dp/B07ZG7LPNZ?psc=1&th=1&vs=1,Incorrect Match,In WM_(Maternity Jeans) & in Comp_(Curvy Skinny Jeans),Model,Clothing,Fashion Brands,Sofia Vergara Collection
"""668833462""","""B07ZG7HP6Z""",https://www.walmart.com/ip/668833462?selected=true,https://www.amazon.com/dp/B07ZG7HP6Z?psc=1&th=1&vs=1,Incorrect Match,In WM_(Band Maternity Jeans) & in Comp_(Skinny Jeans),Model,Clothing,Fashion Brands,Sofia Vergara Collection
"""668833462""","""B07ZG7FPH3""",https://www.walmart.com/ip/668833462?selected=true,https://www.amazon.com/dp/B07ZG7FPH3?psc=1&th=1&vs=1,Incorrect Match,In WM_(Maternity Jeans) & in Comp_(Skinny Jeans),Model,Clothing,Fashion Brands,Sofia Vergara Collection
"""668833462""","""B07ZG7F53D""",https://www.walmart.com/ip/668833462?selected=true,https://www.amazon.com/dp/B07ZG7F53D?psc=1&th=1&vs=1,Incorrect Match,In WM_(Maternity Jeans) & in Comp_(Women's Mid Rise Curvy Jeans),Model,Clothing,Fashion Brands,Sofia Vergara Collection
"""671558071""","""B07ZG719NV""",https://www.walmart.com/ip/671558071?selected=true,https://www.amazon.com/dp/B07ZG719NV?psc=1&th=1&vs=1,Incorrect Match,In WM_(ankle-length jeggings) & in Comp_(Mid Rise Curvy Skinny Jeans),Model,Clothing,Fashion Brands,Sofia Vergara Collection
"""671558071""","""B07ZG72FRL""",https://www.walmart.com/ip/671558071?selected=true,https://www.amazon.com/dp/B07ZG72FRL?psc=1&th=1&vs=1,Incorrect Match,In WM_(Maternity Jeans) & in Comp_(Curvy Skinny Jeans),Model,Clothing,Fashion Brands,Sofia Vergara Collection
"""736754709""","""B07ZG7M5Z1""",https://www.walmart.com/ip/736754709?selected=true,https://www.amazon.com/dp/B07ZG7M5Z1?psc=1&th=1&vs=1,Incorrect Match,In WM_(Maternity Jeans) & in Comp_(Curvy Skinny Jeans),Model,Clothing,Fashion Brands,Sofia Vergara Collection
"""736754709""","""B07ZG7HVX7""",https://www.walmart.com/ip/736754709?selected=true,https://www.amazon.com/dp/B07ZG7HVX7?psc=1&th=1&vs=1,Incorrect Match,In WM_(Maternity Jeans) & in Comp_(Skinny Jeans),Product type,Clothing,Fashion Brands,Sofia Vergara Collection
"""736754709""","""B07ZG7HVS6""",https://www.walmart.com/ip/736754709?selected=true,https://www.amazon.com/dp/B07ZG7HVS6?psc=1&th=1&vs=1,Incorrect Match,In WM_(Maternity Jeans) & in Comp_(Skinny Jeans),Model,Clothing,Fashion Brands,Sofia Vergara Collection
"""736754709""","""B07ZG71PL6""",https://www.walmart.com/ip/736754709?selected=true,https://www.amazon.com/dp/B07ZG71PL6?psc=1&th=1&vs=1,Incorrect Match,In WM_(Maternity Jeans) & in Comp_(Skinny Jeans),Model,Clothing,Fashion Brands,Sofia Vergara Collection
"""325451922""","""B0BR74PXLX""",https://www.walmart.com/ip/325451922?selected=true,https://www.amazon.com/dp/B0BR74PXLX?psc=1&th=1&vs=1,Not Sure,Info not sufficient in competitor page,Model,Clothing,Kids Clothing,Baby Clothes
"""398940000""","""B0DGLMWJXL""",https://www.walmart.com/ip/398940000?selected=true,https://www.amazon.com/dp/B0DGLMWJXL?psc=1&th=1&vs=1,Incorrect Match,(wm Hoodie and com Sweatshirt and Sweatpants)_is different in Both,Model,Clothing,Kids Clothing,Baby Clothes
"""398940000""","""B0DGLP1T7V""",https://www.walmart.com/ip/398940000?selected=true,https://www.amazon.com/dp/B0DGLP1T7V?psc=1&th=1&vs=1,Incorrect Match,"(In Walmart Hoodie, 2-Pack In Amazon Sweatpants Set, Pack of 2)_is different in Both",Sets,Clothing,Kids Clothing,Baby Clothes
"""398940000""","""B0DGLMPQ6T""",https://www.walmart.com/ip/398940000?selected=true,https://www.amazon.com/dp/B0DGLMPQ6T?psc=1&th=1&vs=1,Incorrect Match,In WM_(zipper model) & in Comp_(plain model),Model,Clothing,Kids Clothing,Baby Clothes
"""398940000""","""B0DGLNKNQ1""",https://www.walmart.com/ip/398940000?selected=true,https://www.amazon.com/dp/B0DGLNKNQ1?psc=1&th=1&vs=1,Incorrect Match,In WM_(Hoodie) & in Comp_(Sweatshirt and Sweatpants Set),Model,Clothing,Kids Clothing,Baby Clothes
"""398940000""","""B0DGLNHQJT""",https://www.walmart.com/ip/398940000?selected=true,https://www.amazon.com/dp/B0DGLNHQJT?psc=1&th=1&vs=1,Incorrect Match,In WM_(Terry) & in Comp_(Sweatpants),Model,Clothing,Kids Clothing,Baby Clothes
"""398940000""","""B0DGLP3VJY""",https://www.walmart.com/ip/398940000?selected=true,https://www.amazon.com/dp/B0DGLP3VJY?psc=1&th=1&vs=1,Incorrect Match,"In WM_(Hoodie, 2-Pack) & in Comp_(Sweatshirt and Sweatpants Set)",Model,Clothing,Kids Clothing,Baby Clothes
"""381102520""","""B0B5SFCZ5F""",https://www.walmart.com/ip/381102520?selected=true,https://www.amazon.com/dp/B0B5SFCZ5F?psc=1&th=1&vs=1,Incorrect Match,In WM_(wihout design) & in Comp_(striped design),Design,Clothing,Mens Clothing,Mens Socks
"""381102520""","""B0B5SFYX7D""",https://www.walmart.com/ip/381102520?selected=true,https://www.amazon.com/dp/B0B5SFYX7D?psc=1&th=1&vs=1,Incorrect Match,Others_(WM has plain design and Amz has printed design),Model,Clothing,Mens Clothing,Mens Socks
"""390565915""","""B0DDTC3Z2X""",https://www.walmart.com/ip/390565915?selected=true,https://www.amazon.com/dp/B0DDTC3Z2X?psc=1&th=1&vs=1,Incorrect Match,(design)_is different in Both,Design,Clothing,Mens Clothing,Mens Socks
"""390565915""","""B0DDSFLF86""",https://www.walmart.com/ip/390565915?selected=true,https://www.amazon.com/dp/B0DDSFLF86?psc=1&th=1&vs=1,Incorrect Match,In WM_(Loafer No Show Socks) & in Comp_(Platinum No Show Socks),Model,Clothing,Mens Clothing,Mens Socks
"""773482212""","""B07VD3V6K1""",https://www.walmart.com/ip/773482212?selected=true,https://www.amazon.com/dp/B07VD3V6K1?psc=1&th=1&vs=1,Incorrect Match,Others_(model in both side diff. -Footless Tights & with Foot Tights),Model,Clothing,Womens Clothing,"Womens Socks, Hosiery & Tights"
"""795491639""","""B0FDRPTJTK""",https://www.walmart.com/ip/795491639?selected=true,https://www.amazon.com/dp/B0FDRPTJTK?psc=1&th=1&vs=1,Incorrect Match,In WM_(Floral and Sheer Thigh Highs) & in Comp_(Stockings),Model,Clothing,Womens Clothing,"Womens Socks, Hosiery & Tights"
"""795491639""","""B0FDSDXSMR""",https://www.walmart.com/ip/795491639?selected=true,https://www.amazon.com/dp/B0FDSDXSMR?psc=1&th=1&vs=1,Incorrect Match,In WM_(Thigh Highs) & in Comp_(Knee High Stockings),Model,Clothing,Womens Clothing,"Womens Socks, Hosiery & Tights"
"""795491639""","""B0FDSFHPSJ""",https://www.walmart.com/ip/795491639?selected=true,https://www.amazon.com/dp/B0FDSFHPSJ?psc=1&th=1&vs=1,Incorrect Match,In WM_(design Floral and Sheer Thigh Highs) & in Comp_(plain Sheer Knee High),Design and Color,Clothing,Womens Clothing,"Womens Socks, Hosiery & Tights"
"""795491639""","""B0FDS2H29S""",https://www.walmart.com/ip/795491639?selected=true,https://www.amazon.com/dp/B0FDS2H29S?psc=1&th=1&vs=1,Incorrect Match,In WM_(Floral and Sheer) & in Comp_(plain),Model,Clothing,Womens Clothing,"Womens Socks, Hosiery & Tights"
"""795491639""","""B0FDS3VRJ5""",https://www.walmart.com/ip/795491639?selected=true,https://www.amazon.com/dp/B0FDS3VRJ5?psc=1&th=1&vs=1,Incorrect Match,In WM_(Thigh Highs) & in Comp_(knee Highs),Model,Clothing,Womens Clothing,"Womens Socks, Hosiery & Tights"
"""795491639""","""B0FDS1MYCR""",https://www.walmart.com/ip/795491639?selected=true,https://www.amazon.com/dp/B0FDS1MYCR?psc=1&th=1&vs=1,Incorrect Match,Others_(WM has printed design and Amz has plain design),Model,Clothing,Womens Clothing,"Womens Socks, Hosiery & Tights"
"""795491639""","""B0FDS94JBW""",https://www.walmart.com/ip/795491639?selected=true,https://www.amazon.com/dp/B0FDS94JBW?psc=1&th=1&vs=1,Incorrect Match,In WM_(Floral) & in Comp_(plane),Design,Clothing,Womens Clothing,"Womens Socks, Hosiery & Tights"
"""795491639""","""B0FDRYDSP2""",https://www.walmart.com/ip/795491639?selected=true,https://www.amazon.com/dp/B0FDRYDSP2?psc=1&th=1&vs=1,Incorrect Match,In WM_(Women's Floral and Sheer) & in Comp_(plain Sheer),Model,Clothing,Womens Clothing,"Womens Socks, Hosiery & Tights"
"""795491639""","""B0FDRSS2DW""",https://www.walmart.com/ip/795491639?selected=true,https://www.amazon.com/dp/B0FDRSS2DW?psc=1&th=1&vs=1,Incorrect Match,In WM_(Floral and Sheer Thigh Highs) & in Comp_(Sheer Knee High),Model,Clothing,Womens Clothing,"Womens Socks, Hosiery & Tights"
"""14010826""","""B00F0KJAH4""",https://www.walmart.com/ip/14010826?selected=true,https://www.amazon.com/dp/B00F0KJAH4?psc=1&th=1&vs=1,Incorrect Match,(stone color different)_is different in Both,Design and Color,Jewelry,Womens Jewelry & Watches,Womens Jewelry
"""14010826""","""B00F0KJ54M""",https://www.walmart.com/ip/14010826?selected=true,https://www.amazon.com/dp/B00F0KJ54M?psc=1&th=1&vs=1,Incorrect Match,(size)_is different in Both,Design and Size,Jewelry,Womens Jewelry & Watches,Womens Jewelry
"""14010826""","""B00F0KJ2EU""",https://www.walmart.com/ip/14010826?selected=true,https://www.amazon.com/dp/B00F0KJ2EU?psc=1&th=1&vs=1,Incorrect Match,In WM_(size 5) & in Comp_(size 7),Others_(Ring Size),Jewelry,Womens Jewelry & Watches,Womens Jewelry
"""14010835""","""B06X9BCHWB""",https://www.walmart.com/ip/14010835?selected=true,https://www.amazon.com/dp/B06X9BCHWB?psc=1&th=1&vs=1,Incorrect Match,In WM_(3 diamonds) & in Comp_(1 diamonds),Model,Jewelry,Womens Jewelry & Watches,Womens Jewelry
"""14010835""","""B004ARW8G8""",https://www.walmart.com/ip/14010835?selected=true,https://www.amazon.com/dp/B004ARW8G8?psc=1&th=1&vs=1,Incorrect Match,"Others_((Sky Blue Topaz Sterling Silver & Topaz and Diamond Ring,)_is different in Both)",Model,Jewelry,Womens Jewelry & Watches,Womens Jewelry
"""14010835""","""B01DLP1O0U""",https://www.walmart.com/ip/14010835?selected=true,https://www.amazon.com/dp/B01DLP1O0U?psc=1&th=1&vs=1,Incorrect Match,Others_(Sky Blue Topaz & Multi-Blue Topaz),Model,Jewelry,Womens Jewelry & Watches,Womens Jewelry
"""14010835""","""B01MZ1TZ3B""",https://www.walmart.com/ip/14010835?selected=true,https://www.amazon.com/dp/B01MZ1TZ3B?psc=1&th=1&vs=1,Incorrect Match,In WM_(three diamond model) & in Comp_(single stone),Model,Jewelry,Womens Jewelry & Watches,Womens Jewelry
"""14010835""","""B00KY2SG1E""",https://www.walmart.com/ip/14010835?selected=true,https://www.amazon.com/dp/B00KY2SG1E?psc=1&th=1&vs=1,Incorrect Match,In WM_(3-Stone Ring) & in Comp_(topaz ring),Model,Jewelry,Womens Jewelry & Watches,Womens Jewelry
"""14010835""","""B00U8TGQYM""",https://www.walmart.com/ip/14010835?selected=true,https://www.amazon.com/dp/B00U8TGQYM?psc=1&th=1&vs=1,Incorrect Match,Others_(Others_(White Sapphire model & Blue Topaz Sterling)),Model,Jewelry,Womens Jewelry & Watches,Womens Jewelry
"""14010835""","""B01DLP1VZS""",https://www.walmart.com/ip/14010835?selected=true,https://www.amazon.com/dp/B01DLP1VZS?psc=1&th=1&vs=1,Incorrect Match,((ring shape model)_is different in Both)_is different in Both,Model,Jewelry,Womens Jewelry & Watches,Womens Jewelry
"""14010837""","""B06X9BCHWB""",https://www.walmart.com/ip/14010837?selected=true,https://www.amazon.com/dp/B06X9BCHWB?psc=1&th=1&vs=1,Incorrect Match,In WM_(Sterling Silver Topaz) & in Comp_(Sky Blue Topaz),Model,Jewelry,Womens Jewelry & Watches,Womens Jewelry
"""14010837""","""B004ARW8G8""",https://www.walmart.com/ip/14010837?selected=true,https://www.amazon.com/dp/B004ARW8G8?psc=1&th=1&vs=1,Incorrect Match,In WM_(3-Stone Ring) & in Comp_(single stone),Model,Jewelry,Womens Jewelry & Watches,Womens Jewelry
"""14010837""","""B01DLP1O0U""",https://www.walmart.com/ip/14010837?selected=true,https://www.amazon.com/dp/B01DLP1O0U?psc=1&th=1&vs=1,Incorrect Match,(stone model)_is different in Both,Design|Model,Jewelry,Womens Jewelry & Watches,Womens Jewelry
"""14010837""","""B00KY2SG1E""",https://www.walmart.com/ip/14010837?selected=true,https://www.amazon.com/dp/B00KY2SG1E?psc=1&th=1&vs=1,Incorrect Match,(Stone)_is different in Both,Model,Jewelry,Womens Jewelry & Watches,Womens Jewelry
"""14010837""","""B01LWRL8T9""",https://www.walmart.com/ip/14010837?selected=true,https://www.amazon.com/dp/B01LWRL8T9?psc=1&th=1&vs=1,Incorrect Match,Others_(Blue Topaz Sterling & Silver Sky Blue),Model,Jewelry,Womens Jewelry & Watches,Womens Jewelry
"""14010837""","""B00U8TGQYM""",https://www.walmart.com/ip/14010837?selected=true,https://www.amazon.com/dp/B00U8TGQYM?psc=1&th=1&vs=1,Incorrect Match,((Stone shape model)_is different in Both)_is different in Both,Shape,Jewelry,Womens Jewelry & Watches,Womens Jewelry
"""14010840""","""B00KY2DETS""",https://www.walmart.com/ip/14010840?selected=true,https://www.amazon.com/dp/B00KY2DETS?psc=1&th=1&vs=1,Incorrect Match,Others_(ring shape is different),Model,Jewelry,Womens Jewelry & Watches,Womens Jewelry
"""14010840""","""B00F0KJAH4""",https://www.walmart.com/ip/14010840?selected=true,https://www.amazon.com/dp/B00F0KJAH4?psc=1&th=1&vs=1,Incorrect Match,In WM_(Blue Topaz Sterling Silver) & in Comp_(White Topaz),Model,Jewelry,Womens Jewelry & Watches,Womens Jewelry
"""14010840""","""B00F0KJ54M""",https://www.walmart.com/ip/14010840?selected=true,https://www.amazon.com/dp/B00F0KJ54M?psc=1&th=1&vs=1,Incorrect Match,(Three stone model differ)_is different in Both,Model,Jewelry,Womens Jewelry & Watches,Womens Jewelry
"""14010840""","""B00F0KJ2EU""",https://www.walmart.com/ip/14010840?selected=true,https://www.amazon.com/dp/B00F0KJ2EU?psc=1&th=1&vs=1,Incorrect Match,In WM_(9) & in Comp_(7),Design and Size,Jewelry,Womens Jewelry & Watches,Womens Jewelry
"""117846436""","""B08GYX8NGD""",https://www.walmart.com/ip/117846436?selected=true,https://www.amazon.com/dp/B08GYX8NGD?psc=1&th=1&vs=1,Incorrect Match,In WM_(Buff) & in Comp_(LInes),Model,Clothing,Womens Clothing,"Womens Bras, Panties & Lingerie"
"""117846436""","""B08GYX8H9X""",https://www.walmart.com/ip/117846436?selected=true,https://www.amazon.com/dp/B08GYX8H9X?psc=1&th=1&vs=1,Incorrect Match,In WM_(with elastic) & in Comp_(without elastic),Design|Model,Clothing,Womens Clothing,"Womens Bras, Panties & Lingerie"
"""117846436""","""B07CC1GHPS""",https://www.walmart.com/ip/117846436?selected=true,https://www.amazon.com/dp/B07CC1GHPS?psc=1&th=1&vs=1,Incorrect Match,(Lace Thong Underwear diffrent)_is different in Both,Model,Clothing,Womens Clothing,"Womens Bras, Panties & Lingerie"
"""117846436""","""B07C329BH7""",https://www.walmart.com/ip/117846436?selected=true,https://www.amazon.com/dp/B07C329BH7?psc=1&th=1&vs=1,Incorrect Match,Others_(Signature Lace Thong & Lace Thong Underwear),Model,Clothing,Womens Clothing,"Womens Bras, Panties & Lingerie"
"""117846436""","""B07C3298K7""",https://www.walmart.com/ip/117846436?selected=true,https://www.amazon.com/dp/B07C3298K7?psc=1&th=1&vs=1,Incorrect Match,(design)_is different in Both,Model,Clothing,Womens Clothing,"Womens Bras, Panties & Lingerie"
"""117846436""","""B0913Z3R7H""",https://www.walmart.com/ip/117846436?selected=true,https://www.amazon.com/dp/B0913Z3R7H?psc=1&th=1&vs=1,Not Sure,Info not sufficient in competitor page,Others_(no image),Clothing,Womens Clothing,"Womens Bras, Panties & Lingerie"
"""117846436""","""B07C2ZMLRT""",https://www.walmart.com/ip/117846436?selected=true,https://www.amazon.com/dp/B07C2ZMLRT?psc=1&th=1&vs=1,Incorrect Match,Others_(Signature Lace Thong & Lace Thong Underwear),Model,Clothing,Womens Clothing,"Womens Bras, Panties & Lingerie"
"""117846436""","""B07R4NSCJ3""",https://www.walmart.com/ip/117846436?selected=true,https://www.amazon.com/dp/B07R4NSCJ3?psc=1&th=1&vs=1,Incorrect Match,In WM_(elastic model) & in Comp_(Lace Strap model),Model,Clothing,Womens Clothing,"Womens Bras, Panties & Lingerie"
"""117846436""","""B0777ZGXRY""",https://www.walmart.com/ip/117846436?selected=true,https://www.amazon.com/dp/B0777ZGXRY?psc=1&th=1&vs=1,Incorrect Match,In WM_(stritches) & in Comp_(Lace Thong),Model,Clothing,Womens Clothing,"Womens Bras, Panties & Lingerie"
"""117846436""","""B0777W8XPP""",https://www.walmart.com/ip/117846436?selected=true,https://www.amazon.com/dp/B0777W8XPP?psc=1&th=1&vs=1,Incorrect Match,In WM_(designed waist) & in Comp_(plain waist),Design and Color,Clothing,Womens Clothing,"Womens Bras, Panties & Lingerie"
"""120706599""","""B07YSJ1TRJ""",https://www.walmart.com/ip/120706599?selected=true,https://www.amazon.com/dp/B07YSJ1TRJ?psc=1&th=1&vs=1,Incorrect Match,Others_(In WM(elastic model) & in Comp_(Lace model)),Model,Clothing,Womens Clothing,"Womens Bras, Panties & Lingerie"
"""120706599""","""B07R4NSCJ3""",https://www.walmart.com/ip/120706599?selected=true,https://www.amazon.com/dp/B07R4NSCJ3?psc=1&th=1&vs=1,Incorrect Match,(panties hip model)_is different in Both,Model,Clothing,Womens Clothing,"Womens Bras, Panties & Lingerie"
"""120706599""","""B078L43J1X""",https://www.walmart.com/ip/120706599?selected=true,https://www.amazon.com/dp/B078L43J1X?psc=1&th=1&vs=1,Incorrect Match,Others_(Signature Lace Cheeky Panty & Lace and Satin Hipster),Model,Clothing,Womens Clothing,"Womens Bras, Panties & Lingerie"
"""120706599""","""B078L3KXRT""",https://www.walmart.com/ip/120706599?selected=true,https://www.amazon.com/dp/B078L3KXRT?psc=1&th=1&vs=1,Incorrect Match,In WM_(Satin Hipster Underwear) & in Comp_(Lace Cheeky Panty),Model,Clothing,Womens Clothing,"Womens Bras, Panties & Lingerie"
"""120706599""","""B078KZNNXB""",https://www.walmart.com/ip/120706599?selected=true,https://www.amazon.com/dp/B078KZNNXB?psc=1&th=1&vs=1,Incorrect Match,Others_(Others_(Underwear shape different)),Model,Clothing,Womens Clothing,"Womens Bras, Panties & Lingerie"
"""120706599""","""B078KYL64G""",https://www.walmart.com/ip/120706599?selected=true,https://www.amazon.com/dp/B078KYL64G?psc=1&th=1&vs=1,Incorrect Match,In WM_(Lace Cheeky Panty) & in Comp_(Lace and Satin Hipster),Model,Clothing,Womens Clothing,"Womens Bras, Panties & Lingerie"
"""120706599""","""B078KY5ZBY""",https://www.walmart.com/ip/120706599?selected=true,https://www.amazon.com/dp/B078KY5ZBY?psc=1&th=1&vs=1,Incorrect Match,In WM_(Lace Cheeky Panty) & in Comp_(Satin Hipster Underwear),Model,Clothing,Womens Clothing,"Womens Bras, Panties & Lingerie"
"""120706599""","""B078KTSKF9""",https://www.walmart.com/ip/120706599?selected=true,https://www.amazon.com/dp/B078KTSKF9?psc=1&th=1&vs=1,Incorrect Match,(Cheeky Panty and Satin Hipster Underwear)_is different in Both,Model,Clothing,Womens Clothing,"Womens Bras, Panties & Lingerie"
"""121513937""","""B074HM6362""",https://www.walmart.com/ip/121513937?selected=true,https://www.amazon.com/dp/B074HM6362?psc=1&th=1&vs=1,Incorrect Match,Others_(Sheer Stripe Hipster Panties & Textured Hipster Underwear),Model,Clothing,Womens Clothing,"Womens Bras, Panties & Lingerie"
"""121513937""","""B0DXQY6GMJ""",https://www.walmart.com/ip/121513937?selected=true,https://www.amazon.com/dp/B0DXQY6GMJ?psc=1&th=1&vs=1,Incorrect Match,In WM_(Sheer Stripe Hipster) & in Comp_(Low Rise Hipster),Model,Clothing,Womens Clothing,"Womens Bras, Panties & Lingerie"
"""121513937""","""B08GYX88FW""",https://www.walmart.com/ip/121513937?selected=true,https://www.amazon.com/dp/B08GYX88FW?psc=1&th=1&vs=1,Incorrect Match,In WM_(Sheer Stripe Hipster) & in Comp_(Lace Hipster),Model,Clothing,Womens Clothing,"Womens Bras, Panties & Lingerie"
"""121513937""","""B07885MBQP""",https://www.walmart.com/ip/121513937?selected=true,https://www.amazon.com/dp/B07885MBQP?psc=1&th=1&vs=1,Incorrect Match,In WM_(Stripe Hipster Panties) & in Comp_(Seamless Hipster),Model,Clothing,Womens Clothing,"Womens Bras, Panties & Lingerie"
"""121513937""","""B07S9GPM9N""",https://www.walmart.com/ip/121513937?selected=true,https://www.amazon.com/dp/B07S9GPM9N?psc=1&th=1&vs=1,Incorrect Match,"Others_(Sheer Stripe Hipster Panties, & Lace Hipster Underwear)",Model,Clothing,Womens Clothing,"Womens Bras, Panties & Lingerie"
"""121513937""","""B076BSJCXK""",https://www.walmart.com/ip/121513937?selected=true,https://www.amazon.com/dp/B076BSJCXK?psc=1&th=1&vs=1,Incorrect Match,In WM_(Sheer Stripe) & in Comp_(Hipster),Model,Clothing,Womens Clothing,"Womens Bras, Panties & Lingerie"
"""123288676""","""B074HM6362""",https://www.walmart.com/ip/123288676?selected=true,https://www.amazon.com/dp/B074HM6362?psc=1&th=1&vs=1,Incorrect Match,(Stretch Hipster Panties | Seamless Textured Hipster)_is different in Both,Design and Color|Model,Clothing,Womens Clothing,"Womens Bras, Panties & Lingerie"
"""123288676""","""B08TM8YV17""",https://www.walmart.com/ip/123288676?selected=true,https://www.amazon.com/dp/B08TM8YV17?psc=1&th=1&vs=1,Incorrect Match,(wm-Comfort Stretch Hipster Pantie amz-(Hipster or Boyshort)Panty)_is different in Both,Design and Color,Clothing,Womens Clothing,"Womens Bras, Panties & Lingerie"
"""123288676""","""B08TLXV7JC""",https://www.walmart.com/ip/123288676?selected=true,https://www.amazon.com/dp/B08TLXV7JC?psc=1&th=1&vs=1,Incorrect Match,Others_(Stretch Hipster Panties & Way Stretch Panty),Model,Clothing,Womens Clothing,"Womens Bras, Panties & Lingerie"
"""123288676""","""B08TLP2PZ9""",https://www.walmart.com/ip/123288676?selected=true,https://www.amazon.com/dp/B08TLP2PZ9?psc=1&th=1&vs=1,Incorrect Match,In WM_(Animal Print) & in Comp_(Neutral Tones),Model,Clothing,Womens Clothing,"Womens Bras, Panties & Lingerie"
"""123288676""","""B08TMLFQY6""",https://www.walmart.com/ip/123288676?selected=true,https://www.amazon.com/dp/B08TMLFQY6?psc=1&th=1&vs=1,Incorrect Match,(Joyspun model)_is different in Both,Model,Clothing,Womens Clothing,"Womens Bras, Panties & Lingerie"